video_frame,gt_frame,gt_id,reason,detail
0,0,113,small_disconnected_regions,
1,1,75,small_disconnected_regions,
15,3,75,small_disconnected_regions,
16,4,14,small_disconnected_regions,
16,4,75,small_disconnected_regions,
16,4,75,source_correspondence_uncertain,
17,5,14,small_disconnected_regions,
17,5,75,small_disconnected_regions,
18,6,14,small_disconnected_regions,
18,6,75,small_disconnected_regions,
18,6,113,small_disconnected_regions,
20,8,14,small_disconnected_regions,
20,8,14,source_correspondence_uncertain,
29,17,14,small_disconnected_regions,
29,17,75,small_disconnected_regions,
34,22,38,small_disconnected_regions,
39,27,38,small_disconnected_regions,
40,28,38,small_disconnected_regions,
61,49,113,small_disconnected_regions,
62,50,113,small_disconnected_regions,
81,69,113,small_disconnected_regions,
86,74,38,small_disconnected_regions,
90,78,38,small_disconnected_regions,
94,82,38,small_disconnected_regions,
104,92,38,small_disconnected_regions,
109,97,38,small_disconnected_regions,
110,98,38,small_disconnected_regions,
121,109,14,small_disconnected_regions,
121,109,38,small_disconnected_regions,
122,110,14,small_disconnected_regions,
123,111,14,small_disconnected_regions,
126,114,14,small_disconnected_regions,
127,115,38,small_disconnected_regions,
129,117,38,small_disconnected_regions,
131,119,14,small_disconnected_regions,
131,119,75,multiple_substantial_regions,
131,119,75,source_correspondence_uncertain,
132,120,75,small_disconnected_regions,
133,121,14,small_disconnected_regions,
136,124,75,small_disconnected_regions,
137,125,75,small_disconnected_regions,
137,125,75,source_correspondence_uncertain,
139,127,14,small_disconnected_regions,
140,128,14,small_disconnected_regions,
141,129,14,small_disconnected_regions,
141,129,14,source_correspondence_uncertain,
143,131,14,small_disconnected_regions,
145,133,75,small_disconnected_regions,
146,134,38,small_disconnected_regions,
148,136,38,small_disconnected_regions,
149,137,38,small_disconnected_regions,
150,138,38,small_disconnected_regions,
152,140,14,small_disconnected_regions,
152,140,38,small_disconnected_regions,
153,141,14,small_disconnected_regions,
153,141,38,small_disconnected_regions,
163,151,75,multiple_substantial_regions,
164,152,75,multiple_substantial_regions,
165,153,38,small_disconnected_regions,
165,153,75,small_disconnected_regions,
166,154,75,multiple_substantial_regions,
167,155,75,small_disconnected_regions,
167,155,75,source_correspondence_uncertain,
169,157,75,multiple_substantial_regions,
169,157,75,source_correspondence_uncertain,
170,158,14,small_disconnected_regions,
170,158,75,small_disconnected_regions,
170,158,75,source_correspondence_uncertain,
171,159,14,small_disconnected_regions,
171,159,75,small_disconnected_regions,
172,160,75,small_disconnected_regions,
172,160,75,source_correspondence_uncertain,
173,161,14,small_disconnected_regions,
173,161,75,small_disconnected_regions,
173,161,75,source_correspondence_uncertain,
174,162,14,small_disconnected_regions,
174,162,14,source_correspondence_uncertain,
174,162,75,small_disconnected_regions,
174,162,75,source_correspondence_uncertain,
175,163,75,small_disconnected_regions,
175,163,75,source_correspondence_uncertain,
176,164,75,small_disconnected_regions,
176,164,75,source_correspondence_uncertain,
177,165,75,small_disconnected_regions,
178,166,75,small_disconnected_regions,
180,168,14,small_disconnected_regions,
180,168,75,small_disconnected_regions,
182,170,75,small_disconnected_regions,
186,174,14,small_disconnected_regions,
187,175,75,small_disconnected_regions,
188,176,75,small_disconnected_regions,
189,177,75,small_disconnected_regions,
190,178,75,small_disconnected_regions,
193,181,14,small_disconnected_regions,
195,183,14,small_disconnected_regions,
196,184,14,small_disconnected_regions,
197,185,14,small_disconnected_regions,
198,186,14,small_disconnected_regions,
199,187,14,small_disconnected_regions,
200,188,14,small_disconnected_regions,
201,189,14,small_disconnected_regions,
202,190,14,small_disconnected_regions,
203,191,14,small_disconnected_regions,
204,192,14,small_disconnected_regions,
205,193,14,small_disconnected_regions,
206,194,14,small_disconnected_regions,
207,195,14,small_disconnected_regions,
208,196,14,small_disconnected_regions,
221,209,38,small_disconnected_regions,
226,214,38,small_disconnected_regions,
227,215,38,small_disconnected_regions,
230,218,38,small_disconnected_regions,
231,219,38,small_disconnected_regions,
243,231,38,small_disconnected_regions,
245,233,38,small_disconnected_regions,
249,237,38,small_disconnected_regions,
250,238,113,small_disconnected_regions,
254,242,38,small_disconnected_regions,
255,243,38,small_disconnected_regions,
256,244,38,small_disconnected_regions,
257,245,38,small_disconnected_regions,
258,246,38,small_disconnected_regions,
260,248,38,small_disconnected_regions,
260,248,75,small_disconnected_regions,
261,249,38,small_disconnected_regions,
266,254,75,small_disconnected_regions,
271,259,38,small_disconnected_regions,
272,260,38,small_disconnected_regions,
272,260,75,small_disconnected_regions,
272,260,113,small_disconnected_regions,
273,261,38,small_disconnected_regions,
273,261,75,small_disconnected_regions,
276,264,38,small_disconnected_regions,
276,264,113,small_disconnected_regions,
277,265,38,small_disconnected_regions,
277,265,113,small_disconnected_regions,
279,267,75,small_disconnected_regions,
279,267,113,small_disconnected_regions,
280,268,75,small_disconnected_regions,
280,268,113,small_disconnected_regions,
281,269,75,small_disconnected_regions,
287,275,75,small_disconnected_regions,
288,276,75,small_disconnected_regions,
291,279,38,small_disconnected_regions,
294,282,38,small_disconnected_regions,
304,292,113,small_disconnected_regions,
320,308,38,small_disconnected_regions,
322,310,38,small_disconnected_regions,
325,313,38,small_disconnected_regions,
405,393,75,small_disconnected_regions,
407,395,75,small_disconnected_regions,
413,401,75,small_disconnected_regions,
414,402,75,small_disconnected_regions,
415,403,75,small_disconnected_regions,
415,403,75,source_correspondence_uncertain,
425,413,75,small_disconnected_regions,
427,415,38,small_disconnected_regions,
427,415,75,small_disconnected_regions,
428,416,38,area_change,
429,417,38,area_change,
430,418,38,small_disconnected_regions,
430,418,75,small_disconnected_regions,
431,419,75,small_disconnected_regions,
444,432,38,small_disconnected_regions,
445,433,38,small_disconnected_regions,
445,433,38,source_correspondence_uncertain,
446,434,38,small_disconnected_regions,
447,435,113,small_disconnected_regions,
452,440,75,small_disconnected_regions,
457,445,75,tiny_target_region,
461,449,75,small_disconnected_regions,
481,469,113,small_disconnected_regions,
482,470,75,small_disconnected_regions,
482,470,113,small_disconnected_regions,
483,471,75,small_disconnected_regions,
520,508,75,small_disconnected_regions,
522,510,75,small_disconnected_regions,
523,511,75,small_disconnected_regions,
524,512,14,small_disconnected_regions,
525,513,75,small_disconnected_regions,
526,514,14,small_disconnected_regions,
527,515,14,small_disconnected_regions,
527,515,14,source_correspondence_uncertain,
527,515,75,small_disconnected_regions,
528,516,14,small_disconnected_regions,
529,517,14,small_disconnected_regions,
530,518,14,small_disconnected_regions,
531,519,14,small_disconnected_regions,
531,519,75,small_disconnected_regions,
532,520,14,small_disconnected_regions,
533,521,14,small_disconnected_regions,
533,521,75,small_disconnected_regions,
534,522,14,small_disconnected_regions,
535,523,14,small_disconnected_regions,
536,524,14,small_disconnected_regions,
537,525,14,small_disconnected_regions,
538,526,14,small_disconnected_regions,
539,527,14,small_disconnected_regions,
540,528,14,small_disconnected_regions,
541,529,14,small_disconnected_regions,
541,529,75,small_disconnected_regions,
542,530,14,small_disconnected_regions,
542,530,75,small_disconnected_regions,
543,531,14,small_disconnected_regions,
543,531,75,small_disconnected_regions,
562,550,14,small_disconnected_regions,
562,550,113,small_disconnected_regions,
563,551,113,small_disconnected_regions,
569,557,75,small_disconnected_regions,
585,573,113,small_disconnected_regions,
617,605,75,small_disconnected_regions,
621,609,113,small_disconnected_regions,
622,610,113,small_disconnected_regions,
623,611,113,small_disconnected_regions,
633,621,38,small_disconnected_regions,
636,624,113,small_disconnected_regions,
637,625,14,small_disconnected_regions,
643,631,113,small_disconnected_regions,
646,634,75,small_disconnected_regions,
650,638,75,multiple_substantial_regions,
650,638,75,centroid_jump,
651,639,75,multiple_substantial_regions,
652,640,75,multiple_substantial_regions,
653,641,75,multiple_substantial_regions,
654,642,75,multiple_substantial_regions,
655,643,75,multiple_substantial_regions,
656,644,75,multiple_substantial_regions,
657,645,75,multiple_substantial_regions,
658,646,75,multiple_substantial_regions,
659,647,75,multiple_substantial_regions,
660,648,75,multiple_substantial_regions,
661,649,75,multiple_substantial_regions,
661,649,113,small_disconnected_regions,
662,650,75,multiple_substantial_regions,
663,651,75,multiple_substantial_regions,
664,652,75,multiple_substantial_regions,
665,653,75,multiple_substantial_regions,
665,653,113,small_disconnected_regions,
666,654,75,multiple_substantial_regions,
667,655,75,multiple_substantial_regions,
668,656,75,multiple_substantial_regions,
669,657,75,multiple_substantial_regions,
670,658,75,multiple_substantial_regions,
671,659,75,multiple_substantial_regions,
672,660,75,multiple_substantial_regions,
672,660,113,small_disconnected_regions,
673,661,75,multiple_substantial_regions,
674,662,75,multiple_substantial_regions,
675,663,75,multiple_substantial_regions,
676,664,75,multiple_substantial_regions,
677,665,14,small_disconnected_regions,
677,665,38,small_disconnected_regions,
677,665,75,centroid_jump,
677,665,113,small_disconnected_regions,
677,665,113,source_correspondence_uncertain,
678,666,38,small_disconnected_regions,
678,666,75,small_disconnected_regions,
678,666,113,small_disconnected_regions,
678,666,113,source_correspondence_uncertain,
679,667,113,multiple_substantial_regions,
679,667,113,source_correspondence_uncertain,
681,669,14,small_disconnected_regions,
682,670,38,small_disconnected_regions,
683,671,14,small_disconnected_regions,
683,671,38,small_disconnected_regions,
683,671,113,small_disconnected_regions,
686,674,14,small_disconnected_regions,
687,675,75,multiple_substantial_regions,
688,676,75,multiple_substantial_regions,
689,677,14,small_disconnected_regions,
690,678,14,small_disconnected_regions,
691,679,14,small_disconnected_regions,
693,681,14,small_disconnected_regions,
693,681,113,small_disconnected_regions,
693,681,113,source_correspondence_uncertain,
694,682,14,small_disconnected_regions,
694,682,113,small_disconnected_regions,
694,682,113,source_correspondence_uncertain,
695,683,14,small_disconnected_regions,
695,683,113,small_disconnected_regions,
695,683,113,source_correspondence_uncertain,
697,685,14,small_disconnected_regions,
697,685,38,small_disconnected_regions,
697,685,113,small_disconnected_regions,
698,686,14,small_disconnected_regions,
698,686,113,small_disconnected_regions,
699,687,14,small_disconnected_regions,
699,687,113,small_disconnected_regions,
702,690,14,small_disconnected_regions,
703,691,38,small_disconnected_regions,
704,692,14,small_disconnected_regions,
704,692,113,small_disconnected_regions,
705,693,14,small_disconnected_regions,
706,694,14,small_disconnected_regions,
707,695,14,small_disconnected_regions,
708,696,14,small_disconnected_regions,
708,696,113,small_disconnected_regions,
709,697,113,small_disconnected_regions,
711,699,14,small_disconnected_regions,
711,699,113,small_disconnected_regions,
712,700,113,small_disconnected_regions,
713,701,113,small_disconnected_regions,
714,702,113,small_disconnected_regions,
715,703,113,small_disconnected_regions,
716,704,113,small_disconnected_regions,
719,707,113,small_disconnected_regions,
720,708,14,small_disconnected_regions,
720,708,113,small_disconnected_regions,
721,709,113,small_disconnected_regions,
722,710,14,small_disconnected_regions,
722,710,113,small_disconnected_regions,
723,711,113,small_disconnected_regions,
724,712,14,small_disconnected_regions,
724,712,38,small_disconnected_regions,
724,712,113,small_disconnected_regions,
725,713,113,small_disconnected_regions,
726,714,14,small_disconnected_regions,
726,714,113,small_disconnected_regions,
727,715,14,small_disconnected_regions,
727,715,113,small_disconnected_regions,
731,719,113,small_disconnected_regions,
760,748,75,small_disconnected_regions,
767,755,38,small_disconnected_regions,
779,767,75,small_disconnected_regions,
782,770,113,small_disconnected_regions,
783,771,113,small_disconnected_regions,
784,772,75,multiple_substantial_regions,
785,773,75,multiple_substantial_regions,
786,774,38,small_disconnected_regions,
786,774,75,multiple_substantial_regions,
799,787,14,small_disconnected_regions,
800,788,75,multiple_substantial_regions,
801,789,14,small_disconnected_regions,
801,789,75,multiple_substantial_regions,
802,790,75,multiple_substantial_regions,
803,791,75,multiple_substantial_regions,
804,792,75,multiple_substantial_regions,
805,793,75,multiple_substantial_regions,
806,794,75,small_disconnected_regions,
809,797,14,small_disconnected_regions,
810,798,14,small_disconnected_regions,
811,799,38,small_disconnected_regions,
820,808,75,small_disconnected_regions,
863,851,38,small_disconnected_regions,
864,852,38,small_disconnected_regions,
865,853,38,small_disconnected_regions,
868,856,38,small_disconnected_regions,
869,857,38,small_disconnected_regions,
877,865,113,small_disconnected_regions,
911,899,38,small_disconnected_regions,
911,899,75,small_disconnected_regions,
917,905,75,small_disconnected_regions,
920,908,113,small_disconnected_regions,
921,909,75,small_disconnected_regions,
921,909,75,centroid_jump,
922,910,38,small_disconnected_regions,
922,910,75,small_disconnected_regions,
922,910,75,centroid_jump,
923,911,75,centroid_jump,
925,913,75,multiple_substantial_regions,
925,913,113,small_disconnected_regions,
927,915,75,area_change,
930,918,75,small_disconnected_regions,
932,920,38,small_disconnected_regions,
932,920,75,small_disconnected_regions,
934,922,75,tiny_target_region,
939,927,38,small_disconnected_regions,
939,927,75,small_disconnected_regions,
941,929,38,small_disconnected_regions,
942,930,75,small_disconnected_regions,
943,931,75,small_disconnected_regions,
950,938,75,small_disconnected_regions,
969,957,75,small_disconnected_regions,
984,972,113,small_disconnected_regions,
986,974,113,small_disconnected_regions,
987,975,14,small_disconnected_regions,
987,975,38,small_disconnected_regions,
987,975,75,small_disconnected_regions,
987,975,113,small_disconnected_regions,
988,976,38,small_disconnected_regions,
989,977,38,small_disconnected_regions,
990,978,14,small_disconnected_regions,
990,978,75,small_disconnected_regions,
990,978,113,small_disconnected_regions,
991,979,14,small_disconnected_regions,
991,979,113,small_disconnected_regions,
992,980,38,small_disconnected_regions,
1024,1012,38,small_disconnected_regions,
1025,1013,38,small_disconnected_regions,
1052,1040,14,small_disconnected_regions,
1054,1042,38,small_disconnected_regions,
1059,1047,38,small_disconnected_regions,
1077,1065,14,small_disconnected_regions,
1077,1065,75,multiple_substantial_regions,
1078,1066,75,multiple_substantial_regions,
1078,1066,75,area_change,
1079,1067,75,small_disconnected_regions,
1080,1068,14,small_disconnected_regions,
1080,1068,75,multiple_substantial_regions,
1082,1070,14,area_change,
1082,1070,75,area_change,
1083,1071,113,small_disconnected_regions,
1084,1072,14,small_disconnected_regions,
1084,1072,75,area_change,
1085,1073,75,area_change,
1086,1074,14,small_disconnected_regions,
1089,1077,75,small_disconnected_regions,
1091,1079,75,area_change,
1092,1080,75,small_disconnected_regions,
1092,1080,75,area_change,
1093,1081,14,small_disconnected_regions,
1096,1084,75,small_disconnected_regions,
1096,1084,113,small_disconnected_regions,
1097,1085,75,multiple_substantial_regions,
1098,1086,75,small_disconnected_regions,
1099,1087,75,small_disconnected_regions,
1099,1087,75,area_change,
1103,1091,14,small_disconnected_regions,
1107,1095,38,small_disconnected_regions,
1114,1102,113,small_disconnected_regions,
1116,1104,113,small_disconnected_regions,
1127,1115,113,small_disconnected_regions,
1129,1117,14,small_disconnected_regions,
1146,1134,113,small_disconnected_regions,
1148,1136,14,small_disconnected_regions,
1151,1139,14,small_disconnected_regions,
1153,1141,38,small_disconnected_regions,
1156,1144,14,small_disconnected_regions,
1158,1146,38,small_disconnected_regions,
1164,1152,113,small_disconnected_regions,
1174,1162,113,small_disconnected_regions,
1188,1176,14,small_disconnected_regions,
1200,1188,14,small_disconnected_regions,
1200,1188,113,small_disconnected_regions,
1201,1189,75,small_disconnected_regions,
1202,1190,75,multiple_substantial_regions,
1204,1192,38,small_disconnected_regions,
1232,1220,75,small_disconnected_regions,
1246,1234,75,small_disconnected_regions,
1249,1237,75,small_disconnected_regions,
1255,1243,113,small_disconnected_regions,
1258,1246,113,small_disconnected_regions,
1260,1248,113,small_disconnected_regions,
1261,1249,75,small_disconnected_regions,
1261,1249,113,small_disconnected_regions,
1262,1250,14,small_disconnected_regions,
1262,1250,113,small_disconnected_regions,
1263,1251,113,small_disconnected_regions,
1264,1252,75,small_disconnected_regions,
1265,1253,113,small_disconnected_regions,
1266,1254,113,small_disconnected_regions,
1268,1256,113,small_disconnected_regions,
1269,1257,113,small_disconnected_regions,
1270,1258,113,small_disconnected_regions,
1270,1258,113,source_correspondence_uncertain,
1271,1259,113,small_disconnected_regions,
1273,1261,113,small_disconnected_regions,
1274,1262,113,small_disconnected_regions,
1276,1264,113,small_disconnected_regions,
1292,1280,38,small_disconnected_regions,
1294,1282,14,small_disconnected_regions,
1300,1288,14,small_disconnected_regions,
1301,1289,14,small_disconnected_regions,
1302,1290,14,small_disconnected_regions,
1304,1292,113,small_disconnected_regions,
1306,1294,113,small_disconnected_regions,
1307,1295,14,small_disconnected_regions,
1316,1304,14,small_disconnected_regions,
1326,1314,14,small_disconnected_regions,
1327,1315,14,small_disconnected_regions,
1328,1316,14,small_disconnected_regions,
1328,1316,113,small_disconnected_regions,
1329,1317,14,small_disconnected_regions,
1329,1317,113,small_disconnected_regions,
1330,1318,14,small_disconnected_regions,
1330,1318,113,small_disconnected_regions,
1335,1323,113,small_disconnected_regions,
1336,1324,113,small_disconnected_regions,
1337,1325,113,small_disconnected_regions,
1338,1326,113,small_disconnected_regions,
1342,1330,113,small_disconnected_regions,
1343,1331,113,small_disconnected_regions,
1344,1332,113,small_disconnected_regions,
1345,1333,14,small_disconnected_regions,
1345,1333,113,small_disconnected_regions,
1348,1336,38,small_disconnected_regions,
1349,1337,113,small_disconnected_regions,
1350,1338,113,small_disconnected_regions,
1351,1339,113,small_disconnected_regions,
1352,1340,113,small_disconnected_regions,
1353,1341,75,small_disconnected_regions,
1353,1341,113,small_disconnected_regions,
1354,1342,113,small_disconnected_regions,
1355,1343,113,small_disconnected_regions,
1356,1344,113,small_disconnected_regions,
1388,1376,75,small_disconnected_regions,
1392,1380,38,small_disconnected_regions,
1399,1387,75,small_disconnected_regions,
1400,1388,75,small_disconnected_regions,
1401,1389,75,small_disconnected_regions,
1404,1392,75,small_disconnected_regions,
1405,1393,75,small_disconnected_regions,
1415,1403,75,small_disconnected_regions,
1420,1408,75,small_disconnected_regions,
1420,1408,113,small_disconnected_regions,
1433,1421,113,small_disconnected_regions,
1435,1423,113,small_disconnected_regions,
1437,1425,75,small_disconnected_regions,
1438,1426,75,multiple_substantial_regions,
1439,1427,75,multiple_substantial_regions,
1440,1428,75,multiple_substantial_regions,
1441,1429,75,multiple_substantial_regions,
1442,1430,75,multiple_substantial_regions,
1443,1431,75,multiple_substantial_regions,
1444,1432,75,small_disconnected_regions,
1444,1432,113,small_disconnected_regions,
1491,1479,75,multiple_substantial_regions,
1492,1480,75,multiple_substantial_regions,
1493,1481,75,multiple_substantial_regions,
1494,1482,75,multiple_substantial_regions,
1495,1483,75,multiple_substantial_regions,
1496,1484,75,multiple_substantial_regions,
1497,1485,75,small_disconnected_regions,
1498,1486,38,small_disconnected_regions,
1504,1492,14,small_disconnected_regions,
1506,1494,38,small_disconnected_regions,
1508,1496,14,small_disconnected_regions,
1508,1496,38,small_disconnected_regions,
1509,1497,14,small_disconnected_regions,
1511,1499,38,small_disconnected_regions,
1513,1501,14,small_disconnected_regions,
1514,1502,38,small_disconnected_regions,
1518,1506,38,small_disconnected_regions,
1520,1508,38,small_disconnected_regions,
1527,1515,14,small_disconnected_regions,
1546,1534,38,small_disconnected_regions,
1550,1538,14,small_disconnected_regions,
1551,1539,14,small_disconnected_regions,
1552,1540,14,small_disconnected_regions,
1553,1541,14,small_disconnected_regions,
1553,1541,38,small_disconnected_regions,
1553,1541,75,small_disconnected_regions,
1554,1542,14,small_disconnected_regions,
1555,1543,14,small_disconnected_regions,
1555,1543,38,small_disconnected_regions,
1556,1544,14,small_disconnected_regions,
1556,1544,38,small_disconnected_regions,
1556,1544,75,small_disconnected_regions,
1557,1545,14,small_disconnected_regions,
1558,1546,75,small_disconnected_regions,
1559,1547,14,small_disconnected_regions,
1559,1547,113,small_disconnected_regions,
1560,1548,14,small_disconnected_regions,
1561,1549,38,small_disconnected_regions,
1562,1550,14,small_disconnected_regions,
1563,1551,38,small_disconnected_regions,
1565,1553,38,small_disconnected_regions,
1569,1557,113,small_disconnected_regions,
1570,1558,14,small_disconnected_regions,
1571,1559,14,small_disconnected_regions,
1572,1560,14,small_disconnected_regions,
1602,1590,113,small_disconnected_regions,
1603,1591,113,small_disconnected_regions,
1604,1592,113,small_disconnected_regions,
1605,1593,113,small_disconnected_regions,
1606,1594,113,small_disconnected_regions,
1607,1595,113,small_disconnected_regions,
1609,1597,113,small_disconnected_regions,
1616,1604,113,small_disconnected_regions,
1637,1625,14,small_disconnected_regions,
1637,1625,113,small_disconnected_regions,
1639,1627,113,small_disconnected_regions,
1640,1628,113,small_disconnected_regions,
1641,1629,113,small_disconnected_regions,
1652,1640,14,small_disconnected_regions,
1652,1640,113,small_disconnected_regions,
1653,1641,113,small_disconnected_regions,
1657,1645,113,small_disconnected_regions,
1685,1673,14,small_disconnected_regions,
1702,1690,14,small_disconnected_regions,
1705,1693,14,small_disconnected_regions,
1715,1703,113,small_disconnected_regions,
1717,1705,14,small_disconnected_regions,
1717,1705,113,small_disconnected_regions,
1721,1709,14,small_disconnected_regions,
1727,1715,14,small_disconnected_regions,
1728,1716,14,small_disconnected_regions,
1736,1724,113,small_disconnected_regions,
1737,1725,113,small_disconnected_regions,
1742,1730,14,small_disconnected_regions,
1745,1733,113,small_disconnected_regions,
1747,1735,113,small_disconnected_regions,
1748,1736,113,small_disconnected_regions,
1749,1737,113,small_disconnected_regions,
1750,1738,113,small_disconnected_regions,
1751,1739,38,small_disconnected_regions,
1751,1739,113,multiple_substantial_regions,
1752,1740,113,small_disconnected_regions,
1752,1740,113,centroid_jump,
1762,1750,14,small_disconnected_regions,
1765,1753,113,small_disconnected_regions,
1782,1770,113,small_disconnected_regions,
1796,1784,14,small_disconnected_regions,
1798,1786,113,small_disconnected_regions,
1801,1789,38,small_disconnected_regions,
1807,1795,113,small_disconnected_regions,
1808,1796,113,small_disconnected_regions,
1809,1797,113,small_disconnected_regions,
1810,1798,113,small_disconnected_regions,
1811,1799,113,small_disconnected_regions,
1813,1801,38,small_disconnected_regions,
1813,1801,113,small_disconnected_regions,
1814,1802,113,small_disconnected_regions,
1815,1803,113,small_disconnected_regions,
1816,1804,113,small_disconnected_regions,
1817,1805,113,small_disconnected_regions,
1818,1806,113,small_disconnected_regions,
1819,1807,113,small_disconnected_regions,
1820,1808,113,small_disconnected_regions,
1821,1809,113,small_disconnected_regions,
1823,1811,113,small_disconnected_regions,
1826,1814,75,small_disconnected_regions,
1827,1815,113,small_disconnected_regions,
1828,1816,113,small_disconnected_regions,
1830,1818,75,small_disconnected_regions,
1831,1819,75,small_disconnected_regions,
1834,1822,14,small_disconnected_regions,
1840,1828,14,small_disconnected_regions,
1845,1833,75,small_disconnected_regions,
1852,1840,113,small_disconnected_regions,
1884,1872,38,small_disconnected_regions,
1886,1874,14,small_disconnected_regions,
1890,1878,38,small_disconnected_regions,
1891,1879,38,small_disconnected_regions,
1895,1883,38,small_disconnected_regions,
1941,1929,38,small_disconnected_regions,
1953,1941,75,small_disconnected_regions,
1954,1942,75,small_disconnected_regions,
1956,1944,38,small_disconnected_regions,
1956,1944,75,multiple_substantial_regions,
1956,1944,75,centroid_jump,
1957,1945,75,centroid_jump,
1959,1947,38,small_disconnected_regions,
1962,1950,38,small_disconnected_regions,
1962,1950,75,small_disconnected_regions,
1966,1954,14,small_disconnected_regions,
1966,1954,38,small_disconnected_regions,
1966,1954,75,multiple_substantial_regions,
1966,1954,75,centroid_jump,
1967,1955,38,small_disconnected_regions,
1967,1955,75,centroid_jump,
1971,1959,38,small_disconnected_regions,
1972,1960,38,small_disconnected_regions,
1973,1961,38,small_disconnected_regions,
1974,1962,38,small_disconnected_regions,
1975,1963,38,small_disconnected_regions,
1976,1964,38,small_disconnected_regions,
1979,1967,38,small_disconnected_regions,
1981,1969,38,small_disconnected_regions,
1982,1970,38,small_disconnected_regions,
1984,1972,38,small_disconnected_regions,
1985,1973,38,small_disconnected_regions,
1991,1979,38,small_disconnected_regions,
1993,1981,113,small_disconnected_regions,
1996,1984,14,small_disconnected_regions,
2001,1989,14,small_disconnected_regions,
2007,1995,38,small_disconnected_regions,
2018,2006,113,small_disconnected_regions,
2030,2018,75,centroid_jump,
2030,2018,75,area_change,
2030,2018,113,centroid_jump,
2031,2019,113,small_disconnected_regions,
2032,2020,113,small_disconnected_regions,
2033,2021,113,small_disconnected_regions,
2034,2022,38,small_disconnected_regions,
2034,2022,113,small_disconnected_regions,
2036,2024,113,small_disconnected_regions,
2039,2027,113,small_disconnected_regions,
2040,2028,113,small_disconnected_regions,
2057,2045,75,small_disconnected_regions,
2065,2053,38,small_disconnected_regions,
2071,2059,38,small_disconnected_regions,
2084,2072,38,small_disconnected_regions,
2118,2106,38,multiple_substantial_regions,
2119,2107,38,area_change,
2120,2108,38,small_disconnected_regions,
2121,2109,38,small_disconnected_regions,
2122,2110,38,small_disconnected_regions,
2126,2114,113,small_disconnected_regions,
2127,2115,113,small_disconnected_regions,
2128,2116,113,small_disconnected_regions,
2129,2117,113,small_disconnected_regions,
2133,2121,75,small_disconnected_regions,
2133,2121,113,small_disconnected_regions,
2141,2129,75,small_disconnected_regions,
2142,2130,75,small_disconnected_regions,
2144,2132,75,small_disconnected_regions,
2145,2133,75,small_disconnected_regions,
2145,2133,113,small_disconnected_regions,
2161,2149,75,small_disconnected_regions,
2161,2149,113,small_disconnected_regions,
2166,2154,38,small_disconnected_regions,
2168,2156,113,small_disconnected_regions,
2170,2158,14,small_disconnected_regions,
2171,2159,14,small_disconnected_regions,
2173,2161,14,small_disconnected_regions,
2174,2162,113,area_change,
2178,2166,14,area_change,
2179,2167,14,small_disconnected_regions,
2182,2170,113,small_disconnected_regions,
2185,2173,75,small_disconnected_regions,
2206,2194,14,small_disconnected_regions,
2207,2195,14,small_disconnected_regions,
2217,2205,75,small_disconnected_regions,
2226,2214,75,small_disconnected_regions,
2228,2216,75,small_disconnected_regions,
2229,2217,75,small_disconnected_regions,
2236,2224,75,small_disconnected_regions,
2244,2232,38,small_disconnected_regions,
2251,2239,75,small_disconnected_regions,
2252,2240,113,multiple_substantial_regions,
2253,2241,113,small_disconnected_regions,
2265,2253,113,small_disconnected_regions,
2267,2255,113,small_disconnected_regions,
2271,2259,38,small_disconnected_regions,
2272,2260,38,small_disconnected_regions,
2274,2262,113,small_disconnected_regions,
2274,2262,113,source_correspondence_uncertain,
2278,2266,113,small_disconnected_regions,
2278,2266,113,source_correspondence_uncertain,
2279,2267,38,small_disconnected_regions,
2279,2267,113,small_disconnected_regions,
2281,2269,113,small_disconnected_regions,
2281,2269,113,source_correspondence_uncertain,
2283,2271,38,small_disconnected_regions,
2283,2271,113,multiple_substantial_regions,
2283,2271,113,source_correspondence_uncertain,
2283,2271,113,centroid_jump,
2284,2272,113,centroid_jump,
2297,2285,38,small_disconnected_regions,
2302,2290,113,multiple_substantial_regions,
2302,2290,113,centroid_jump,
2303,2291,113,multiple_substantial_regions,
2304,2292,38,small_disconnected_regions,
2304,2292,113,multiple_substantial_regions,
2304,2292,113,source_correspondence_uncertain,
2305,2293,38,small_disconnected_regions,
2305,2293,113,multiple_substantial_regions,
2306,2294,38,small_disconnected_regions,
2306,2294,113,multiple_substantial_regions,
2307,2295,38,small_disconnected_regions,
2307,2295,113,multiple_substantial_regions,
2308,2296,38,small_disconnected_regions,
2308,2296,113,multiple_substantial_regions,
2309,2297,38,small_disconnected_regions,
2309,2297,113,small_disconnected_regions,
2310,2298,38,small_disconnected_regions,
2310,2298,113,multiple_substantial_regions,
2311,2299,113,multiple_substantial_regions,
2312,2300,113,centroid_jump,
2321,2309,14,small_disconnected_regions,
2322,2310,14,small_disconnected_regions,
2329,2317,14,small_disconnected_regions,
2333,2321,38,small_disconnected_regions,
2343,2331,75,small_disconnected_regions,
2344,2332,38,small_disconnected_regions,
2344,2332,75,small_disconnected_regions,
2345,2333,14,tiny_target_region,
2345,2333,38,small_disconnected_regions,
2345,2333,75,small_disconnected_regions,
2346,2334,38,small_disconnected_regions,
2350,2338,75,small_disconnected_regions,
2350,2338,113,small_disconnected_regions,
2351,2339,38,small_disconnected_regions,
2352,2340,38,small_disconnected_regions,
2353,2341,38,small_disconnected_regions,
2354,2342,38,small_disconnected_regions,
2355,2343,38,small_disconnected_regions,
2356,2344,38,small_disconnected_regions,
2358,2346,38,small_disconnected_regions,
2359,2347,38,small_disconnected_regions,
2361,2349,38,small_disconnected_regions,
2370,2358,75,small_disconnected_regions,
2370,2358,113,multiple_substantial_regions,
2370,2358,113,source_correspondence_uncertain,
2371,2359,75,small_disconnected_regions,
2371,2359,113,multiple_substantial_regions,
2371,2359,113,source_correspondence_uncertain,
2372,2360,75,small_disconnected_regions,
2372,2360,113,multiple_substantial_regions,
2372,2360,113,source_correspondence_uncertain,
2373,2361,113,centroid_jump,
2379,2367,75,small_disconnected_regions,
2379,2367,113,small_disconnected_regions,
2379,2367,113,source_correspondence_uncertain,
2380,2368,75,small_disconnected_regions,
2380,2368,113,small_disconnected_regions,
2380,2368,113,source_correspondence_uncertain,
2381,2369,75,small_disconnected_regions,
2381,2369,113,small_disconnected_regions,
2381,2369,113,source_correspondence_uncertain,
2382,2370,75,small_disconnected_regions,
2382,2370,113,small_disconnected_regions,
2382,2370,113,source_correspondence_uncertain,
2383,2371,113,small_disconnected_regions,
2384,2372,113,small_disconnected_regions,
2386,2374,38,small_disconnected_regions,
2386,2374,113,small_disconnected_regions,
2386,2374,113,source_correspondence_uncertain,
2390,2378,75,small_disconnected_regions,
2391,2379,38,small_disconnected_regions,
2397,2385,38,small_disconnected_regions,
2431,2419,75,multiple_substantial_regions,
2432,2420,38,small_disconnected_regions,
2434,2422,75,small_disconnected_regions,
2436,2424,75,small_disconnected_regions,
2438,2426,75,small_disconnected_regions,
2439,2427,75,small_disconnected_regions,
2440,2428,75,small_disconnected_regions,
2446,2434,75,small_disconnected_regions,
2451,2439,38,small_disconnected_regions,
2454,2442,38,small_disconnected_regions,
2455,2443,38,small_disconnected_regions,
2456,2444,75,small_disconnected_regions,
2520,2508,38,small_disconnected_regions,
2529,2517,38,small_disconnected_regions,
2530,2518,38,small_disconnected_regions,
2530,2518,75,small_disconnected_regions,
2531,2519,38,small_disconnected_regions,
2545,2533,38,small_disconnected_regions,
2570,2558,75,small_disconnected_regions,
2573,2561,75,small_disconnected_regions,
2605,2593,75,small_disconnected_regions,
2606,2594,75,small_disconnected_regions,
2620,2608,75,small_disconnected_regions,
2626,2614,75,small_disconnected_regions,
2641,2629,75,small_disconnected_regions,
2644,2632,75,small_disconnected_regions,
2645,2633,75,small_disconnected_regions,
2646,2634,75,small_disconnected_regions,
2647,2635,75,small_disconnected_regions,
2648,2636,75,small_disconnected_regions,
2649,2637,75,small_disconnected_regions,
2650,2638,75,small_disconnected_regions,
2651,2639,75,small_disconnected_regions,
2653,2641,75,small_disconnected_regions,
2688,2676,38,small_disconnected_regions,
2770,2758,113,small_disconnected_regions,
2781,2769,14,small_disconnected_regions,
2781,2769,38,small_disconnected_regions,
2804,2792,38,small_disconnected_regions,
2806,2794,38,small_disconnected_regions,
2839,2827,38,small_disconnected_regions,
2841,2829,38,small_disconnected_regions,
2855,2843,75,small_disconnected_regions,
2859,2847,75,small_disconnected_regions,
2862,2850,38,small_disconnected_regions,
2878,2866,38,small_disconnected_regions,
2896,2884,75,small_disconnected_regions,
2898,2886,75,small_disconnected_regions,
2902,2890,38,small_disconnected_regions,
2902,2890,75,small_disconnected_regions,
2904,2892,75,small_disconnected_regions,
2905,2893,75,small_disconnected_regions,
2906,2894,75,multiple_substantial_regions,
2906,2894,75,centroid_jump,
2907,2895,75,small_disconnected_regions,
2907,2895,75,centroid_jump,
2912,2900,14,small_disconnected_regions,
2912,2900,75,small_disconnected_regions,
2915,2903,14,small_disconnected_regions,
2916,2904,75,small_disconnected_regions,
2926,2914,38,small_disconnected_regions,
2931,2919,38,small_disconnected_regions,
2932,2920,38,small_disconnected_regions,
2933,2921,38,small_disconnected_regions,
2934,2922,38,small_disconnected_regions,
2935,2923,38,small_disconnected_regions,
2936,2924,38,small_disconnected_regions,
2941,2929,38,area_change,
2943,2931,38,area_change,
2948,2936,14,small_disconnected_regions,
2985,2973,14,small_disconnected_regions,
2987,2975,38,small_disconnected_regions,
2989,2977,14,small_disconnected_regions,
2990,2978,14,small_disconnected_regions,
2991,2979,14,small_disconnected_regions,
2992,2980,38,small_disconnected_regions,
2995,2983,14,small_disconnected_regions,
2996,2984,14,small_disconnected_regions,
3000,2988,38,small_disconnected_regions,
3007,2995,38,small_disconnected_regions,
3008,2996,38,small_disconnected_regions,
3013,3001,38,small_disconnected_regions,
3032,3020,14,small_disconnected_regions,
3080,3068,75,small_disconnected_regions,
3082,3070,75,centroid_jump,
3083,3071,75,small_disconnected_regions,
3084,3072,75,small_disconnected_regions,
3085,3073,75,centroid_jump,
3086,3074,38,small_disconnected_regions,
3086,3074,38,source_correspondence_uncertain,
3098,3086,75,small_disconnected_regions,
3153,3141,38,small_disconnected_regions,
3160,3148,38,small_disconnected_regions,
3234,3222,38,small_disconnected_regions,
3239,3227,38,small_disconnected_regions,
3241,3229,38,small_disconnected_regions,
3244,3232,38,small_disconnected_regions,
3246,3234,38,small_disconnected_regions,
3247,3235,75,area_change,
3250,3238,38,small_disconnected_regions,
3251,3239,38,small_disconnected_regions,
3253,3241,38,small_disconnected_regions,
3254,3242,38,small_disconnected_regions,
3259,3247,113,small_disconnected_regions,
3260,3248,113,small_disconnected_regions,
3261,3249,113,small_disconnected_regions,
3262,3250,113,small_disconnected_regions,
3279,3267,75,multiple_substantial_regions,
3283,3271,75,multiple_substantial_regions,
3284,3272,75,small_disconnected_regions,
3284,3272,75,area_change,
3285,3273,75,area_change,
3299,3287,38,small_disconnected_regions,
3302,3290,38,small_disconnected_regions,
3307,3295,38,small_disconnected_regions,
3308,3296,38,small_disconnected_regions,
3310,3298,75,area_change,
3322,3310,38,small_disconnected_regions,
3323,3311,38,small_disconnected_regions,
3327,3315,38,small_disconnected_regions,
3328,3316,38,small_disconnected_regions,
3333,3321,75,small_disconnected_regions,
3333,3321,113,small_disconnected_regions,
3337,3325,38,tiny_target_region,
3380,3368,75,small_disconnected_regions,
3413,3401,38,centroid_jump,
3414,3402,38,small_disconnected_regions,
3415,3403,38,centroid_jump,
3415,3403,38,area_change,
3419,3407,75,small_disconnected_regions,
3438,3426,113,small_disconnected_regions,
3440,3428,113,small_disconnected_regions,
3443,3431,14,small_disconnected_regions,
3444,3432,14,small_disconnected_regions,
3450,3438,14,small_disconnected_regions,
3458,3446,75,small_disconnected_regions,
3463,3451,14,small_disconnected_regions,
3471,3459,75,small_disconnected_regions,
3472,3460,75,small_disconnected_regions,
3473,3461,38,small_disconnected_regions,
3474,3462,75,small_disconnected_regions,
3474,3462,113,small_disconnected_regions,
3475,3463,113,small_disconnected_regions,
3476,3464,113,small_disconnected_regions,
3478,3466,75,small_disconnected_regions,
3482,3470,14,small_disconnected_regions,
3482,3470,75,small_disconnected_regions,
3483,3471,14,small_disconnected_regions,
3483,3471,75,small_disconnected_regions,
3484,3472,14,small_disconnected_regions,
3485,3473,75,small_disconnected_regions,
3487,3475,113,small_disconnected_regions,
3489,3477,75,small_disconnected_regions,
3494,3482,113,small_disconnected_regions,
3498,3486,75,small_disconnected_regions,
3499,3487,38,small_disconnected_regions,
3500,3488,38,small_disconnected_regions,
3501,3489,38,small_disconnected_regions,
3502,3490,38,small_disconnected_regions,
3503,3491,38,small_disconnected_regions,
3503,3491,75,small_disconnected_regions,
3509,3497,38,small_disconnected_regions,
3512,3500,38,small_disconnected_regions,
3519,3507,14,small_disconnected_regions,
3519,3507,38,small_disconnected_regions,
3519,3507,75,small_disconnected_regions,
3520,3508,14,small_disconnected_regions,
3520,3508,38,small_disconnected_regions,
3520,3508,75,small_disconnected_regions,
3533,3521,38,small_disconnected_regions,
3578,3566,38,small_disconnected_regions,
3579,3567,38,small_disconnected_regions,
3581,3569,38,small_disconnected_regions,
3582,3570,38,small_disconnected_regions,
3584,3572,38,small_disconnected_regions,
3584,3572,113,small_disconnected_regions,
3585,3573,38,small_disconnected_regions,
3586,3574,38,small_disconnected_regions,
3587,3575,38,small_disconnected_regions,
3588,3576,38,small_disconnected_regions,
3589,3577,38,small_disconnected_regions,
3589,3577,113,small_disconnected_regions,
3607,3595,113,small_disconnected_regions,
3625,3613,38,small_disconnected_regions,
3646,3634,38,small_disconnected_regions,
3647,3635,75,small_disconnected_regions,
3648,3636,38,small_disconnected_regions,
3649,3637,38,area_change,
3661,3649,75,small_disconnected_regions,
3725,3713,38,small_disconnected_regions,
3725,3713,75,small_disconnected_regions,
3726,3714,38,small_disconnected_regions,
3726,3714,75,small_disconnected_regions,
3729,3717,38,centroid_jump,
3730,3718,38,small_disconnected_regions,
3732,3720,38,small_disconnected_regions,
3732,3720,38,centroid_jump,
3733,3721,14,small_disconnected_regions,
3777,3765,38,small_disconnected_regions,
3792,3780,75,small_disconnected_regions,
3793,3781,75,small_disconnected_regions,
3794,3782,75,small_disconnected_regions,
