w_cont,w_ref,threshold,n,tp,fp,fn,tn,precision,recall,f1
0.0,1.0,0.1,14328,6351,3922,2324,1731,0.6182225250657062,0.7321037463976945,0.6703609879670678
0.0,1.0,0.15000000000000002,14328,6520,4101,2155,1552,0.6138781658977498,0.7515850144092219,0.675787728026534
0.0,1.0,0.2,14328,6638,4276,2037,1377,0.6082096389957853,0.7651873198847262,0.67772729593139
0.0,1.0,0.25,14328,6722,4354,1953,1299,0.6068977970386421,0.7748703170028819,0.6806743962331022
0.0,1.0,0.30000000000000004,14328,6781,4425,1894,1228,0.6051222559343209,0.781671469740634,0.6821588451285147
0.0,1.0,0.35000000000000003,14328,6835,4515,1840,1138,0.6022026431718062,0.7878962536023055,0.6826466916354558
0.0,1.0,0.4,14328,6895,4714,1780,939,0.5939357395124473,0.7948126801152737,0.6798461841845789
0.0,1.0,0.45,14328,6945,4798,1730,855,0.5914161628204037,0.8005763688760807,0.6802821040258596
0.0,1.0,0.5,14328,6988,4882,1687,771,0.5887110362257792,0.8055331412103747,0.6802628376733999
0.0,1.0,0.55,14328,7020,4946,1655,707,0.5866622095938493,0.809221902017291,0.6801996027324257
0.0,1.0,0.6000000000000001,14328,7062,4995,1613,658,0.5857178402587708,0.8140634005763688,0.6812656762492764
0.0,1.0,0.65,14328,7128,5033,1547,620,0.5861360085519283,0.821671469740634,0.6842004223459397
0.0,1.0,0.7000000000000001,14328,7223,5276,1452,377,0.5778862308984719,0.8326224783861671,0.6822518182676868
0.0,1.0,0.75,14328,7298,5440,1377,213,0.572931386402889,0.8412680115273775,0.681641993181712
0.0,1.0,0.8,14328,7415,5527,1260,126,0.5729408128573636,0.8547550432276657,0.6860341397973816
0.0,1.0,0.8500000000000001,14328,7531,5586,1144,67,0.5741404284516276,0.8681268011527378,0.6911710719530102
0.0,1.0,0.9,14328,7662,5614,1013,39,0.5771316661645074,0.8832276657060518,0.6981003143364767
0.0,1.0,0.9500000000000001,14328,8671,5639,4,14,0.6059399021663172,0.9995389048991354,0.7544920600391559
0.1,0.9,0.1,14328,5275,3139,3400,2514,0.6269313049679106,0.6080691642651297,0.6173561940429516
0.1,0.9,0.15000000000000002,14328,6160,3639,2515,2014,0.6286355750586795,0.7100864553314121,0.6668831871819856
0.1,0.9,0.2,14328,6417,3971,2258,1682,0.6177319984597612,0.7397118155619596,0.6732413576037349
0.1,0.9,0.25,14328,6581,4164,2094,1489,0.6124709167054444,0.7586167146974063,0.6777548918640578
0.1,0.9,0.30000000000000004,14328,6688,4328,1987,1325,0.6071169208424111,0.7709510086455331,0.6792951094408614
0.1,0.9,0.35000000000000003,14328,6768,4386,1907,1267,0.6067778375470683,0.7801729106628242,0.6826365424378437
0.1,0.9,0.4,14328,6814,4491,1861,1162,0.6027421494913755,0.7854755043227666,0.6820820820820822
0.1,0.9,0.45,14328,6888,4659,1787,994,0.5965185762535724,0.7940057636887609,0.6812382553654437
0.1,0.9,0.5,14328,6946,4794,1729,859,0.5916524701873935,0.8006916426512968,0.6804800391868723
0.1,0.9,0.55,14328,6991,4887,1684,766,0.5885670988381883,0.8058789625360231,0.6802899819977619
0.1,0.9,0.6000000000000001,14328,7034,4961,1641,692,0.5864110045852439,0.810835734870317,0.6805999032414127
0.1,0.9,0.65,14328,7084,5006,1591,647,0.5859387923904052,0.8165994236311239,0.6823019503973031
0.1,0.9,0.7000000000000001,14328,7166,5074,1509,579,0.5854575163398693,0.8260518731988472,0.6852498207028449
0.1,0.9,0.75,14328,7274,5378,1401,275,0.5749288650015808,0.8385014409221903,0.6821400103155625
0.1,0.9,0.8,14328,7368,5493,1307,160,0.5728947982271985,0.8493371757925072,0.6842496285289746
0.1,0.9,0.8500000000000001,14328,7552,5565,1123,88,0.5757414042845163,0.8705475504322766,0.6930983847283407
0.1,0.9,0.9,14328,7704,5607,971,46,0.5787694388100068,0.8880691642651297,0.7008096061129809
0.1,0.9,0.9500000000000001,14328,8671,5636,4,17,0.6060669602292584,0.9995389048991354,0.7545905491254024
0.2,0.8,0.1,14328,1568,10,7107,5643,0.9936628643852978,0.1807492795389049,0.30586169901492244
0.2,0.8,0.15000000000000002,14328,1710,34,6965,5619,0.9805045871559633,0.19711815561959653,0.328246472790095
0.2,0.8,0.2,14328,5404,3200,3271,2453,0.6280799628079963,0.6229394812680116,0.6254991608310666
0.2,0.8,0.25,14328,6249,3727,2426,1926,0.6264033680834001,0.7203458213256484,0.6700981180633746
0.2,0.8,0.30000000000000004,14328,6493,4049,2182,1604,0.6159172832479606,0.7484726224783862,0.6757558411822865
0.2,0.8,0.35000000000000003,14328,6644,4238,2031,1415,0.6105495313361514,0.7658789625360231,0.6794498133660581
0.2,0.8,0.4,14328,6748,4363,1927,1290,0.6073260732607326,0.7778674351585014,0.6820984534519358
0.2,0.8,0.45,14328,6807,4469,1868,1184,0.6036715147215325,0.7846685878962536,0.6823718109367951
0.2,0.8,0.5,14328,6879,4612,1796,1041,0.5986424158036724,0.7929682997118156,0.682237429336507
0.2,0.8,0.55,14328,6946,4788,1729,865,0.5919550025566729,0.8006916426512968,0.6806800921162232
0.2,0.8,0.6000000000000001,14328,6997,4890,1678,763,0.5886262303356609,0.8065706051873199,0.680575819472814
0.2,0.8,0.65,14328,7045,4977,1630,676,0.5860089835301946,0.8121037463976946,0.6807749915446684
0.2,0.8,0.7000000000000001,14328,7114,5012,1561,641,0.586673264060696,0.820057636887608,0.6840055766549684
0.2,0.8,0.75,14328,7248,5199,1427,454,0.5823089901181008,0.8355043227665706,0.6862986459615568
0.2,0.8,0.8,14328,7374,5450,1301,203,0.5750155957579538,0.8500288184438041,0.6859853946695195
0.2,0.8,0.8500000000000001,14328,7533,5545,1142,108,0.5760055054289647,0.86835734870317,0.692594124948283
0.2,0.8,0.9,14328,7671,5602,1004,51,0.577940179311384,0.8842651296829971,0.6990158556588298
0.2,0.8,0.9500000000000001,14328,8666,5634,9,19,0.606013986013986,0.9989625360230547,0.7543852013057671
0.3,0.7,0.1,14328,1538,8,7137,5645,0.9948253557567918,0.17729106628242075,0.30094902651403976
0.3,0.7,0.15000000000000002,14328,1569,10,7106,5643,0.993666877770741,0.18086455331412105,0.3060269163253365
0.3,0.7,0.2,14328,1638,17,7037,5636,0.9897280966767371,0.1888184438040346,0.317134559535334
0.3,0.7,0.25,14328,1881,80,6794,5573,0.9592044875063743,0.2168299711815562,0.3537044001504325
0.3,0.7,0.30000000000000004,14328,5524,3255,3151,2398,0.6292288415537077,0.6367723342939481,0.6329781138993927
0.3,0.7,0.35000000000000003,14328,6337,3817,2338,1836,0.6240890289541068,0.7304899135446686,0.673110627223963
0.3,0.7,0.4,14328,6558,4115,2117,1538,0.6144476716949311,0.7559654178674352,0.6778995244986562
0.3,0.7,0.45,14328,6705,4330,1970,1323,0.6076121431807884,0.7729106628242075,0.680365296803653
0.3,0.7,0.5,14328,6797,4413,1878,1240,0.6063336306868867,0.7835158501440922,0.6836308775458888
0.3,0.7,0.55,14328,6870,4561,1805,1092,0.6009972880762838,0.7919308357348703,0.6833780960907192
0.3,0.7,0.6000000000000001,14328,6949,4774,1726,879,0.5927663567346242,0.8010374639769452,0.6813413079713696
0.3,0.7,0.65,14328,7018,4896,1657,757,0.5890548934027194,0.8089913544668588,0.6817232502792754
0.3,0.7,0.7000000000000001,14328,7118,4984,1557,669,0.5881672450834573,0.8205187319884726,0.6851807286903788
0.3,0.7,0.75,14328,7205,5031,1470,622,0.5888362209872507,0.8305475504322767,0.6891109942135718
0.3,0.7,0.8,14328,7338,5353,1337,300,0.578205027184619,0.845878962536023,0.6868857062622858
0.3,0.7,0.8500000000000001,14328,7470,5510,1205,143,0.5755007704160247,0.8610951008645533,0.6899099515123528
0.3,0.7,0.9,14328,7633,5595,1042,58,0.577033565164802,0.8798847262247839,0.6969821485641238
0.3,0.7,0.9500000000000001,14328,8454,5628,221,25,0.6003408606731998,0.9745244956772334,0.7429801819220461
0.4,0.6,0.1,14328,1526,7,7149,5646,0.9954337899543378,0.1759077809798271,0.2989811912225705
0.4,0.6,0.15000000000000002,14328,1541,9,7134,5644,0.9941935483870967,0.17763688760806917,0.3014180929095355
0.4,0.6,0.2,14328,1571,10,7104,5643,0.9936748893105629,0.18109510086455333,0.3063572542901716
0.4,0.6,0.25,14328,1619,13,7056,5640,0.9920343137254902,0.18662824207492795,0.31415542834966526
0.4,0.6,0.30000000000000004,14328,1719,37,6956,5616,0.9789293849658315,0.1981556195965418,0.32959447799827435
0.4,0.6,0.35000000000000003,14328,2090,149,6585,5504,0.9334524341223761,0.24092219020172911,0.38299431922301636
0.4,0.6,0.4,14328,5642,3350,3033,2303,0.6274466192170819,0.6503746397694524,0.6387049300956587
0.4,0.6,0.45,14328,6423,3897,2252,1756,0.6223837209302325,0.7404034582132565,0.6762832324295868
0.4,0.6,0.5,14328,6653,4201,2022,1452,0.6129537497696702,0.7669164265129683,0.6813456910236059
0.4,0.6,0.55,14328,6781,4376,1894,1277,0.6077798691404499,0.781671469740634,0.6838442920532473
0.4,0.6,0.6000000000000001,14328,6901,4511,1774,1142,0.604714335786891,0.7955043227665706,0.6871110668591626
0.4,0.6,0.65,14328,7005,4768,1670,885,0.5950055211076192,0.807492795389049,0.6851525821596245
0.4,0.6,0.7000000000000001,14328,7064,4900,1611,753,0.5904379806084922,0.8142939481268011,0.6845292892097485
0.4,0.6,0.75,14328,7149,4994,1526,659,0.5887342501852919,0.8240922190201729,0.6868094917859544
0.4,0.6,0.8,14328,7279,5086,1396,567,0.5886777193691872,0.8390778097982708,0.6919201520912547
0.4,0.6,0.8500000000000001,14328,7414,5458,1261,195,0.5759788688626476,0.8546397694524496,0.6881700468742749
0.4,0.6,0.9,14328,7590,5572,1085,81,0.576660082054399,0.8749279538904899,0.6951504327517516
0.4,0.6,0.9500000000000001,14328,7794,5623,881,30,0.5809048222404413,0.8984438040345821,0.7055947854426942
0.5,0.5,0.1,14328,1524,6,7151,5647,0.996078431372549,0.1756772334293948,0.2986771190592847
0.5,0.5,0.15000000000000002,14328,1531,8,7144,5645,0.9948018193632229,0.17648414985590777,0.29978460935970236
0.5,0.5,0.2,14328,1547,9,7128,5644,0.9942159383033419,0.17832853025936599,0.30241423125794153
0.5,0.5,0.25,14328,1572,12,7103,5641,0.9924242424242424,0.18121037463976944,0.30646261818890724
0.5,0.5,0.30000000000000004,14328,1607,16,7068,5637,0.9901417128773875,0.1852449567723343,0.31209943678384156
0.5,0.5,0.35000000000000003,14328,1666,29,7009,5624,0.9828908554572271,0.19204610951008647,0.32131147540983607
0.5,0.5,0.4,14328,1813,58,6862,5595,0.9690005344735435,0.2089913544668588,0.34382704342878817
0.5,0.5,0.45,14328,2310,234,6365,5419,0.9080188679245284,0.26628242074927955,0.41180140832516277
0.5,0.5,0.5,14328,5832,3456,2843,2197,0.627906976744186,0.6722766570605188,0.6493347436397039
0.5,0.5,0.55,14328,6571,4005,2104,1648,0.6213124054462935,0.7574639769452449,0.6826658355410108
0.5,0.5,0.6000000000000001,14328,6777,4317,1898,1336,0.6108707409410492,0.7812103746397695,0.6856188982750772
0.5,0.5,0.65,14328,6886,4468,1789,1185,0.6064822969878457,0.7937752161383286,0.6876029756852564
0.5,0.5,0.7000000000000001,14328,7003,4752,1672,901,0.5957464908549553,0.8072622478386167,0.6855604503181596
0.5,0.5,0.75,14328,7080,4909,1595,744,0.5905413295520894,0.8161383285302594,0.6852497096399536
0.5,0.5,0.8,14328,7194,5006,1481,647,0.589672131147541,0.8292795389048991,0.6892455089820361
0.5,0.5,0.8500000000000001,14328,7356,5301,1319,352,0.5811803744963261,0.8479538904899135,0.689668104256516
0.5,0.5,0.9,14328,7558,5541,1117,112,0.5769906099702268,0.8712391930835734,0.6942224671626711
0.5,0.5,0.9500000000000001,14328,7763,5621,912,32,0.5800209205020921,0.8948703170028819,0.7038397026157126
0.6,0.4,0.1,14328,1522,6,7153,5647,0.9960732984293194,0.17544668587896253,0.29834362442418894
0.6,0.4,0.15000000000000002,14328,1526,7,7149,5646,0.9954337899543378,0.1759077809798271,0.2989811912225705
0.6,0.4,0.2,14328,1539,10,7136,5643,0.9935442220787605,0.1774063400576369,0.301056338028169
0.6,0.4,0.25,14328,1550,13,7125,5640,0.9916826615483045,0.1786743515850144,0.3027935143582731
0.6,0.4,0.30000000000000004,14328,1572,16,7103,5637,0.9899244332493703,0.18121037463976944,0.30634317451037707
0.6,0.4,0.35000000000000003,14328,1597,18,7078,5635,0.9888544891640867,0.18409221902017292,0.3103984450923226
0.6,0.4,0.4,14328,1693,24,6982,5629,0.9860221316249272,0.1951585014409222,0.3258275596612779
0.6,0.4,0.45,14328,1780,41,6895,5612,0.9774848984074684,0.20518731988472622,0.3391768292682926
0.6,0.4,0.5,14328,1982,93,6693,5560,0.9551807228915663,0.22847262247838618,0.36874418604651166
0.6,0.4,0.55,14328,2547,324,6128,5329,0.8871473354231975,0.2936023054755043,0.44119175472024946
0.6,0.4,0.6000000000000001,14328,5966,3561,2709,2092,0.6262202162275637,0.6877233429394812,0.6555323590814196
0.6,0.4,0.65,14328,6698,4132,1977,1521,0.6184672206832872,0.7721037463976945,0.6867982568572161
0.6,0.4,0.7000000000000001,14328,6877,4397,1798,1256,0.6099875820471882,0.7927377521613833,0.6894581182014136
0.6,0.4,0.75,14328,6995,4682,1680,971,0.5990408495332705,0.8063400576368877,0.6874017295597484
0.6,0.4,0.8,14328,7105,4916,1570,737,0.5910489975875551,0.8190201729106629,0.6866061074603789
0.6,0.4,0.8500000000000001,14328,7270,5035,1405,618,0.5908167411621292,0.8380403458213257,0.6930409914204004
0.6,0.4,0.9,14328,7482,5474,1193,179,0.5774930534115468,0.862478386167147,0.6917849382830198
0.6,0.4,0.9500000000000001,14328,7730,5610,945,43,0.5794602698650675,0.8910662824207493,0.7022484669543494
0.7,0.30000000000000004,0.1,14328,1519,6,7156,5647,0.9960655737704918,0.1751008645533141,0.29784313725490197
0.7,0.30000000000000004,0.15000000000000002,14328,1524,8,7151,5645,0.9947780678851175,0.1756772334293948,0.2986185950818066
0.7,0.30000000000000004,0.2,14328,1529,13,7146,5640,0.9915693904020753,0.17625360230547552,0.29930507976901244
0.7,0.30000000000000004,0.25,14328,1541,15,7134,5638,0.9903598971722365,0.17763688760806917,0.30124132538363796
0.7,0.30000000000000004,0.30000000000000004,14328,1604,15,7071,5638,0.9907350216182829,0.18489913544668587,0.3116378472896833
0.7,0.30000000000000004,0.35000000000000003,14328,1623,16,7052,5637,0.9902379499694935,0.18708933717579251,0.31471785922047707
0.7,0.30000000000000004,0.4,14328,1647,18,7028,5635,0.9891891891891892,0.18985590778097983,0.318568665377176
0.7,0.30000000000000004,0.45,14328,1684,21,6991,5632,0.987683284457478,0.19412103746397694,0.3244701348747591
0.7,0.30000000000000004,0.5,14328,1744,30,6931,5623,0.9830890642615558,0.20103746397694525,0.3338118480237343
0.7,0.30000000000000004,0.55,14328,1856,55,6819,5598,0.9712192569335426,0.21394812680115274,0.35065180426979026
0.7,0.30000000000000004,0.6000000000000001,14328,2089,124,6586,5529,0.9439674649796657,0.24080691642651297,0.3837252020573108
0.7,0.30000000000000004,0.65,14328,2739,445,5936,5208,0.8602386934673367,0.31573487031700287,0.46192764988616236
0.7,0.30000000000000004,0.7000000000000001,14328,6122,3679,2553,1974,0.6246301397816549,0.7057060518731988,0.6626975535830266
0.7,0.30000000000000004,0.75,14328,6825,4283,1850,1370,0.6144220381706877,0.7867435158501441,0.6899863519183137
0.7,0.30000000000000004,0.8,14328,6980,4575,1695,1078,0.6040675032453483,0.8046109510086455,0.690064260998517
0.7,0.30000000000000004,0.8500000000000001,14328,7153,4930,1522,723,0.5919887445170902,0.8245533141210375,0.6891800751517488
0.7,0.30000000000000004,0.9,14328,7396,5138,1279,515,0.5900749960108504,0.852564841498559,0.6974397661370173
0.7,0.30000000000000004,0.9500000000000001,14328,7653,5581,1022,72,0.5782832099138583,0.8821902017291067,0.6986170067095714
0.8,0.19999999999999996,0.1,14328,1514,8,7161,5645,0.9947437582128777,0.17452449567723344,0.29695008335785034
0.8,0.19999999999999996,0.15000000000000002,14328,1523,12,7152,5641,0.9921824104234528,0.17556195965417867,0.29833496571988244
0.8,0.19999999999999996,0.2,14328,1577,13,7098,5640,0.9918238993710692,0.18178674351585014,0.30725767169995133
0.8,0.19999999999999996,0.25,14328,1587,14,7088,5639,0.9912554653341662,0.18293948126801152,0.308875048657065
0.8,0.19999999999999996,0.30000000000000004,14328,1593,15,7082,5638,0.9906716417910447,0.18363112391930836,0.30983176115919475
0.8,0.19999999999999996,0.35000000000000003,14328,1605,15,7070,5638,0.9907407407407407,0.18501440922190202,0.3118018455560952
0.8,0.19999999999999996,0.4,14328,1625,16,7050,5637,0.9902498476538696,0.1873198847262248,0.3150445909267158
0.8,0.19999999999999996,0.45,14328,1643,16,7032,5637,0.9903556359252562,0.18939481268011527,0.3179794851945036
0.8,0.19999999999999996,0.5,14328,1676,20,6999,5633,0.9882075471698113,0.19319884726224784,0.3232089480281554
0.8,0.19999999999999996,0.55,14328,1717,28,6958,5625,0.9839541547277937,0.1979250720461095,0.3295585412667947
0.8,0.19999999999999996,0.6000000000000001,14328,1795,43,6880,5610,0.9766050054406964,0.2069164265129683,0.34148197469799296
0.8,0.19999999999999996,0.65,14328,1938,70,6737,5583,0.9651394422310757,0.22340057636887609,0.3628194327436114
0.8,0.19999999999999996,0.7000000000000001,14328,2233,163,6442,5490,0.9319699499165276,0.2574063400576369,0.4033962605004065
0.8,0.19999999999999996,0.75,14328,2956,548,5719,5105,0.843607305936073,0.3407492795389049,0.4854257328187864
0.8,0.19999999999999996,0.8,14328,6348,3804,2327,1849,0.6252955082742316,0.7317579250720461,0.6743506665958464
0.8,0.19999999999999996,0.8500000000000001,14328,6985,4466,1690,1187,0.6099903938520653,0.8051873198847262,0.6941269999006261
0.8,0.19999999999999996,0.9,14328,7246,4957,1429,696,0.5937884126854053,0.8352737752161383,0.6941277900182009
0.8,0.19999999999999996,0.9500000000000001,14328,7578,5506,1097,147,0.5791806786915317,0.8735446685878963,0.6965393630221977
0.9,0.09999999999999998,0.1,14328,1565,12,7110,5641,0.9923906150919467,0.18040345821325648,0.3053062817011315
0.9,0.09999999999999998,0.15000000000000002,14328,1573,12,7102,5641,0.9924290220820189,0.18132564841498558,0.3066276803118908
0.9,0.09999999999999998,0.2,14328,1576,12,7099,5641,0.9924433249370277,0.181671469740634,0.3071226736821592
0.9,0.09999999999999998,0.25,14328,1581,13,7094,5640,0.9918444165621079,0.1822478386167147,0.3079170318434122
0.9,0.09999999999999998,0.30000000000000004,14328,1592,14,7083,5639,0.9912826899128269,0.18351585014409222,0.30969750024316695
0.9,0.09999999999999998,0.35000000000000003,14328,1597,15,7078,5638,0.9906947890818859,0.18409221902017292,0.3104889666569457
0.9,0.09999999999999998,0.4,14328,1607,15,7068,5638,0.9907521578298397,0.1852449567723343,0.312129746528115
0.9,0.09999999999999998,0.45,14328,1625,16,7050,5637,0.9902498476538696,0.1873198847262248,0.3150445909267158
0.9,0.09999999999999998,0.5,14328,1642,16,7033,5637,0.9903498190591074,0.18927953890489913,0.31781670376463755
0.9,0.09999999999999998,0.55,14328,1671,19,7004,5634,0.9887573964497042,0.19262247838616714,0.32243125904486253
0.9,0.09999999999999998,0.6000000000000001,14328,1706,24,6969,5629,0.9861271676300578,0.196657060518732,0.32791926958193174
0.9,0.09999999999999998,0.65,14328,1761,33,6914,5620,0.9816053511705686,0.2029971181556196,0.3364218167924348
0.9,0.09999999999999998,0.7000000000000001,14328,1865,53,6810,5600,0.9723670490093848,0.21498559077809798,0.3521193240819409
0.9,0.09999999999999998,0.75,14328,2042,100,6633,5553,0.9533146591970122,0.23538904899135446,0.3775538504206342
0.9,0.09999999999999998,0.8,14328,2399,221,6276,5432,0.915648854961832,0.27654178674351587,0.4247897299690129
0.9,0.09999999999999998,0.8500000000000001,14328,3196,693,5479,4960,0.8218050912831062,0.3684149855907781,0.5087551735116206
0.9,0.09999999999999998,0.9,14328,6704,4010,1971,1643,0.6257233526227366,0.7727953890489914,0.6915261230594667
0.9,0.09999999999999998,0.9500000000000001,14328,7421,5033,1254,620,0.5958728119479685,0.8554466858789626,0.7024468739646931
1.0,0.0,0.1,14328,1565,12,7110,5641,0.9923906150919467,0.18040345821325648,0.3053062817011315
1.0,0.0,0.15000000000000002,14328,1570,12,7105,5641,0.9924146649810367,0.1809798270893372,0.30613239738715026
1.0,0.0,0.2,14328,1575,12,7100,5641,0.9924385633270322,0.18155619596541786,0.30695770804911326
1.0,0.0,0.25,14328,1577,13,7098,5640,0.9918238993710692,0.18178674351585014,0.30725767169995133
1.0,0.0,0.30000000000000004,14328,1584,14,7091,5639,0.9912390488110138,0.18259365994236312,0.30838119341964376
1.0,0.0,0.35000000000000003,14328,1593,15,7082,5638,0.9906716417910447,0.18363112391930836,0.30983176115919475
1.0,0.0,0.4,14328,1602,15,7073,5638,0.9907235621521335,0.1846685878962536,0.3113097551496308
1.0,0.0,0.45,14328,1608,15,7067,5638,0.9907578558225508,0.18536023054755044,0.312293649252282
1.0,0.0,0.5,14328,1626,16,7049,5637,0.9902557856272838,0.18743515850144093,0.3152079092759523
1.0,0.0,0.55,14328,1640,16,7035,5637,0.9903381642512077,0.18904899135446687,0.31749104636530834
1.0,0.0,0.6000000000000001,14328,1668,18,7007,5635,0.9893238434163701,0.19227665706051872,0.32197664318116015
1.0,0.0,0.65,14328,1701,21,6974,5632,0.9878048780487805,0.1960806916426513,0.32720977204962964
1.0,0.0,0.7000000000000001,14328,1746,30,6929,5623,0.9831081081081081,0.20126801152737753,0.33413070519567506
1.0,0.0,0.75,14328,1818,45,6857,5608,0.9758454106280193,0.2095677233429395,0.3450370089200987
1.0,0.0,0.8,14328,1950,66,6725,5587,0.9672619047619048,0.22478386167146974,0.36479281638761574
1.0,0.0,0.8500000000000001,14328,2162,128,6513,5525,0.9441048034934498,0.24922190201729105,0.3943456452348381
1.0,0.0,0.9,14328,2615,283,6060,5370,0.9023464458247067,0.30144092219020174,0.45191393761341053
1.0,0.0,0.9500000000000001,14328,3562,918,5113,4735,0.7950892857142857,0.4106051873198847,0.541543139490688
