video_frame,gt_id,block,direction,reason,requires_review,distance_from_prompt
516,38,0,later,empty_mask,True,67
517,38,0,later,empty_mask,True,68
518,38,0,later,empty_mask,True,69
519,38,0,later,empty_mask,True,70
520,38,0,later,empty_mask,True,71
521,38,0,later,empty_mask,True,72
522,38,0,later,empty_mask,True,73
523,38,0,later,empty_mask,True,74
524,38,0,later,empty_mask,True,75
525,38,0,later,empty_mask,True,76
526,38,0,later,empty_mask,True,77
527,38,0,later,empty_mask,True,78
528,38,0,later,empty_mask,True,79
529,38,0,later,empty_mask,True,80
530,38,0,later,empty_mask,True,81
531,38,0,later,empty_mask,True,82
532,38,0,later,empty_mask,True,83
533,38,0,later,empty_mask,True,84
534,38,0,later,empty_mask,True,85
535,38,0,later,empty_mask,True,86
536,38,0,later,empty_mask,True,87
537,38,0,later,empty_mask,True,88
538,38,0,later,empty_mask,True,89
539,38,0,later,empty_mask,True,90
540,38,0,later,empty_mask,True,91
541,38,0,later,empty_mask,True,92
542,38,0,later,empty_mask,True,93
543,38,0,later,empty_mask,True,94
544,38,0,later,empty_mask,True,95
545,38,0,later,empty_mask,True,96
546,38,0,later,empty_mask,True,97
547,38,0,later,empty_mask,True,98
548,38,0,later,empty_mask,True,99
549,38,0,later,empty_mask,True,100
550,38,0,later,empty_mask,True,101
551,38,0,later,empty_mask,True,102
552,38,0,later,empty_mask,True,103
553,38,0,later,empty_mask,True,104
554,38,0,later,empty_mask,True,105
555,38,0,later,empty_mask,True,106
556,38,0,later,empty_mask,True,107
557,38,0,later,empty_mask,True,108
558,38,0,later,empty_mask,True,109
559,38,0,later,empty_mask,True,110
560,38,0,later,empty_mask,True,111
561,38,0,later,empty_mask,True,112
562,38,0,later,empty_mask,True,113
563,38,0,later,empty_mask,True,114
564,38,0,later,empty_mask,True,115
565,38,0,later,empty_mask,True,116
566,38,0,later,empty_mask,True,117
567,38,0,later,empty_mask,True,118
568,38,0,later,empty_mask,True,119
569,38,0,later,empty_mask,True,120
570,38,0,later,empty_mask,True,121
571,38,0,later,empty_mask,True,122
572,38,0,later,empty_mask,True,123
573,38,0,later,empty_mask,True,124
574,38,0,later,empty_mask,True,125
575,38,0,later,empty_mask,True,126
576,38,0,later,empty_mask,True,127
577,38,0,later,empty_mask,True,128
578,38,0,later,empty_mask,True,129
579,38,0,later,empty_mask,True,130
580,38,0,later,empty_mask,True,131
581,38,0,later,empty_mask,True,132
582,38,0,later,empty_mask,True,133
583,38,0,later,empty_mask,True,134
584,38,0,later,empty_mask,True,135
585,38,0,later,empty_mask,True,136
586,38,0,later,empty_mask,True,137
587,38,0,later,empty_mask,True,138
588,38,0,later,empty_mask,True,139
589,38,0,later,empty_mask,True,140
590,38,0,later,empty_mask,True,141
591,38,0,later,empty_mask,True,142
592,38,0,later,empty_mask,True,143
593,38,0,later,empty_mask,True,144
594,38,0,later,empty_mask,True,145
595,38,0,later,empty_mask,True,146
596,38,0,later,empty_mask,True,147
597,38,0,later,empty_mask,True,148
598,38,0,later,empty_mask,True,149
599,38,0,later,empty_mask,True,150
600,38,0,later,empty_mask,True,151
601,38,0,later,empty_mask,True,152
602,38,0,later,empty_mask,True,153
603,38,0,later,empty_mask,True,154
604,38,0,later,empty_mask,True,155
605,38,0,later,empty_mask,True,156
606,38,0,later,empty_mask,True,157
607,38,0,later,empty_mask,True,158
608,38,0,later,empty_mask,True,159
609,38,0,later,empty_mask,True,160
610,38,0,later,empty_mask,True,161
611,38,0,later,empty_mask,True,162
612,38,0,later,empty_mask,True,163
613,38,0,later,empty_mask,True,164
614,38,0,later,empty_mask,True,165
615,38,0,later,empty_mask,True,166
616,38,0,later,empty_mask,True,167
617,38,0,later,empty_mask,True,168
618,38,0,later,empty_mask,True,169
619,38,0,later,empty_mask,True,170
620,38,0,later,empty_mask,True,171
621,38,0,later,empty_mask,True,172
622,38,0,later,empty_mask,True,173
623,38,0,later,empty_mask,True,174
624,38,0,later,empty_mask,True,175
625,38,0,later,empty_mask,True,176
626,38,0,later,empty_mask,True,177
627,38,0,later,empty_mask,True,178
628,38,0,later,empty_mask,True,179
629,38,0,later,empty_mask,True,180
630,38,0,later,empty_mask,True,181
632,38,0,later,empty_mask,True,183
418,38,0,earlier,empty_mask,True,-31
417,38,0,earlier,empty_mask,True,-32
416,38,0,earlier,empty_mask,True,-33
415,38,0,earlier,empty_mask,True,-34
414,38,0,earlier,empty_mask,True,-35
413,38,0,earlier,empty_mask,True,-36
412,38,0,earlier,empty_mask,True,-37
411,38,0,earlier,empty_mask,True,-38
410,38,0,earlier,empty_mask,True,-39
409,38,0,earlier,empty_mask,True,-40
408,38,0,earlier,empty_mask,True,-41
407,38,0,earlier,empty_mask,True,-42
406,38,0,earlier,empty_mask,True,-43
405,38,0,earlier,empty_mask,True,-44
404,38,0,earlier,empty_mask,True,-45
403,38,0,earlier,empty_mask,True,-46
402,38,0,earlier,empty_mask,True,-47
401,38,0,earlier,empty_mask,True,-48
400,38,0,earlier,empty_mask,True,-49
399,38,0,earlier,empty_mask,True,-50
398,38,0,earlier,empty_mask,True,-51
397,38,0,earlier,empty_mask,True,-52
396,38,0,earlier,empty_mask,True,-53
395,38,0,earlier,empty_mask,True,-54
394,38,0,earlier,empty_mask,True,-55
393,38,0,earlier,empty_mask,True,-56
392,38,0,earlier,empty_mask,True,-57
391,38,0,earlier,empty_mask,True,-58
390,38,0,earlier,empty_mask,True,-59
389,38,0,earlier,empty_mask,True,-60
388,38,0,earlier,empty_mask,True,-61
387,38,0,earlier,empty_mask,True,-62
386,38,0,earlier,empty_mask,True,-63
385,38,0,earlier,empty_mask,True,-64
384,38,0,earlier,empty_mask,True,-65
383,38,0,earlier,empty_mask,True,-66
382,38,0,earlier,empty_mask,True,-67
381,38,0,earlier,empty_mask,True,-68
380,38,0,earlier,empty_mask,True,-69
379,38,0,earlier,empty_mask,True,-70
378,38,0,earlier,empty_mask,True,-71
377,38,0,earlier,empty_mask,True,-72
376,38,0,earlier,empty_mask,True,-73
375,38,0,earlier,empty_mask,True,-74
374,38,0,earlier,empty_mask,True,-75
373,38,0,earlier,empty_mask,True,-76
372,38,0,earlier,empty_mask,True,-77
371,38,0,earlier,empty_mask,True,-78
370,38,0,earlier,empty_mask,True,-79
369,38,0,earlier,empty_mask,True,-80
368,38,0,earlier,empty_mask,True,-81
367,38,0,earlier,empty_mask,True,-82
366,38,0,earlier,empty_mask,True,-83
365,38,0,earlier,empty_mask,True,-84
364,38,0,earlier,empty_mask,True,-85
363,38,0,earlier,empty_mask,True,-86
362,38,0,earlier,empty_mask,True,-87
361,38,0,earlier,empty_mask,True,-88
360,38,0,earlier,empty_mask,True,-89
359,38,0,earlier,empty_mask,True,-90
358,38,0,earlier,empty_mask,True,-91
357,38,0,earlier,empty_mask,True,-92
356,38,0,earlier,empty_mask,True,-93
355,38,0,earlier,empty_mask,True,-94
354,38,0,earlier,empty_mask,True,-95
353,38,0,earlier,empty_mask,True,-96
352,38,0,earlier,empty_mask,True,-97
351,38,0,earlier,empty_mask,True,-98
350,38,0,earlier,empty_mask,True,-99
349,38,0,earlier,empty_mask,True,-100
348,38,0,earlier,empty_mask,True,-101
347,38,0,earlier,empty_mask,True,-102
346,38,0,earlier,empty_mask,True,-103
345,38,0,earlier,empty_mask,True,-104
344,38,0,earlier,empty_mask,True,-105
343,38,0,earlier,empty_mask,True,-106
342,38,0,earlier,empty_mask,True,-107
341,38,0,earlier,empty_mask,True,-108
340,38,0,earlier,empty_mask,True,-109
339,38,0,earlier,empty_mask,True,-110
338,38,0,earlier,empty_mask,True,-111
337,38,0,earlier,empty_mask,True,-112
336,38,0,earlier,empty_mask,True,-113
335,38,0,earlier,empty_mask,True,-114
334,38,0,earlier,empty_mask,True,-115
333,38,0,earlier,empty_mask,True,-116
332,38,0,earlier,empty_mask,True,-117
331,38,0,earlier,empty_mask,True,-118
330,38,0,earlier,empty_mask,True,-119
329,38,0,earlier,empty_mask,True,-120
328,38,0,earlier,empty_mask,True,-121
327,38,0,earlier,empty_mask,True,-122
325,38,0,earlier,empty_mask,True,-124
324,38,0,earlier,empty_mask,True,-125
323,38,0,earlier,empty_mask,True,-126
322,38,0,earlier,empty_mask,True,-127
321,38,0,earlier,empty_mask,True,-128
320,38,0,earlier,empty_mask,True,-129
319,38,0,earlier,empty_mask,True,-130
318,38,0,earlier,empty_mask,True,-131
317,38,0,earlier,empty_mask,True,-132
316,38,0,earlier,empty_mask,True,-133
315,38,0,earlier,empty_mask,True,-134
314,38,0,earlier,empty_mask,True,-135
313,38,0,earlier,empty_mask,True,-136
312,38,0,earlier,empty_mask,True,-137
311,38,0,earlier,empty_mask,True,-138
310,38,0,earlier,empty_mask,True,-139
309,38,0,earlier,empty_mask,True,-140
308,38,0,earlier,empty_mask,True,-141
307,38,0,earlier,empty_mask,True,-142
306,38,0,earlier,empty_mask,True,-143
305,38,0,earlier,empty_mask,True,-144
304,38,0,earlier,empty_mask,True,-145
303,38,0,earlier,empty_mask,True,-146
302,38,0,earlier,empty_mask,True,-147
301,38,0,earlier,empty_mask,True,-148
300,38,0,earlier,empty_mask,True,-149
299,38,0,earlier,empty_mask,True,-150
298,38,0,earlier,empty_mask,True,-151
297,38,0,earlier,empty_mask,True,-152
296,38,0,earlier,empty_mask,True,-153
295,38,0,earlier,empty_mask,True,-154
294,38,0,earlier,empty_mask,True,-155
293,38,0,earlier,empty_mask,True,-156
292,38,0,earlier,empty_mask,True,-157
291,38,0,earlier,empty_mask,True,-158
290,38,0,earlier,empty_mask,True,-159
289,38,0,earlier,empty_mask,True,-160
288,38,0,earlier,empty_mask,True,-161
287,38,0,earlier,empty_mask,True,-162
286,38,0,earlier,empty_mask,True,-163
285,38,0,earlier,empty_mask,True,-164
284,38,0,earlier,empty_mask,True,-165
283,38,0,earlier,empty_mask,True,-166
282,38,0,earlier,empty_mask,True,-167
281,38,0,earlier,empty_mask,True,-168
280,38,0,earlier,empty_mask,True,-169
279,38,0,earlier,empty_mask,True,-170
278,38,0,earlier,empty_mask,True,-171
277,38,0,earlier,empty_mask,True,-172
276,38,0,earlier,empty_mask,True,-173
275,38,0,earlier,empty_mask,True,-174
274,38,0,earlier,empty_mask,True,-175
273,38,0,earlier,empty_mask,True,-176
272,38,0,earlier,empty_mask,True,-177
271,38,0,earlier,empty_mask,True,-178
270,38,0,earlier,empty_mask,True,-179
269,38,0,earlier,empty_mask,True,-180
268,38,0,earlier,empty_mask,True,-181
267,38,0,earlier,empty_mask,True,-182
266,38,0,earlier,empty_mask,True,-183
265,38,0,earlier,empty_mask,True,-184
264,38,0,earlier,empty_mask,True,-185
263,38,0,earlier,empty_mask,True,-186
262,38,0,earlier,empty_mask,True,-187
261,38,0,earlier,empty_mask,True,-188
260,38,0,earlier,empty_mask,True,-189
259,38,0,earlier,empty_mask,True,-190
258,38,0,earlier,empty_mask,True,-191
257,38,0,earlier,empty_mask,True,-192
256,38,0,earlier,empty_mask,True,-193
255,38,0,earlier,empty_mask,True,-194
254,38,0,earlier,empty_mask,True,-195
253,38,0,earlier,empty_mask,True,-196
252,38,0,earlier,empty_mask,True,-197
251,38,0,earlier,empty_mask,True,-198
250,38,0,earlier,empty_mask,True,-199
249,38,0,earlier,empty_mask,True,-200
248,38,0,earlier,empty_mask,True,-201
247,38,0,earlier,empty_mask,True,-202
246,38,0,earlier,empty_mask,True,-203
245,38,0,earlier,empty_mask,True,-204
244,38,0,earlier,empty_mask,True,-205
243,38,0,earlier,empty_mask,True,-206
242,38,0,earlier,empty_mask,True,-207
241,38,0,earlier,empty_mask,True,-208
240,38,0,earlier,empty_mask,True,-209
239,38,0,earlier,empty_mask,True,-210
238,38,0,earlier,empty_mask,True,-211
237,38,0,earlier,empty_mask,True,-212
236,38,0,earlier,empty_mask,True,-213
235,38,0,earlier,empty_mask,True,-214
234,38,0,earlier,empty_mask,True,-215
233,38,0,earlier,empty_mask,True,-216
232,38,0,earlier,empty_mask,True,-217
231,38,0,earlier,empty_mask,True,-218
230,38,0,earlier,empty_mask,True,-219
229,38,0,earlier,empty_mask,True,-220
228,38,0,earlier,empty_mask,True,-221
227,38,0,earlier,empty_mask,True,-222
226,38,0,earlier,empty_mask,True,-223
225,38,0,earlier,empty_mask,True,-224
224,38,0,earlier,empty_mask,True,-225
223,38,0,earlier,empty_mask,True,-226
222,38,0,earlier,empty_mask,True,-227
221,38,0,earlier,empty_mask,True,-228
220,38,0,earlier,empty_mask,True,-229
219,38,0,earlier,empty_mask,True,-230
218,38,0,earlier,empty_mask,True,-231
217,38,0,earlier,empty_mask,True,-232
216,38,0,earlier,empty_mask,True,-233
215,38,0,earlier,empty_mask,True,-234
214,38,0,earlier,empty_mask,True,-235
213,38,0,earlier,empty_mask,True,-236
212,38,0,earlier,empty_mask,True,-237
211,38,0,earlier,empty_mask,True,-238
210,38,0,earlier,empty_mask,True,-239
209,38,0,earlier,empty_mask,True,-240
208,38,0,earlier,empty_mask,True,-241
207,38,0,earlier,empty_mask,True,-242
206,38,0,earlier,empty_mask,True,-243
205,38,0,earlier,empty_mask,True,-244
204,38,0,earlier,empty_mask,True,-245
203,38,0,earlier,empty_mask,True,-246
202,38,0,earlier,empty_mask,True,-247
201,38,0,earlier,empty_mask,True,-248
200,38,0,earlier,empty_mask,True,-249
199,38,0,earlier,empty_mask,True,-250
198,38,0,earlier,empty_mask,True,-251
197,38,0,earlier,empty_mask,True,-252
196,38,0,earlier,empty_mask,True,-253
195,38,0,earlier,empty_mask,True,-254
194,38,0,earlier,empty_mask,True,-255
193,38,0,earlier,empty_mask,True,-256
192,38,0,earlier,empty_mask,True,-257
191,38,0,earlier,empty_mask,True,-258
190,38,0,earlier,empty_mask,True,-259
189,38,0,earlier,empty_mask,True,-260
188,38,0,earlier,empty_mask,True,-261
187,38,0,earlier,empty_mask,True,-262
186,38,0,earlier,empty_mask,True,-263
185,38,0,earlier,empty_mask,True,-264
184,38,0,earlier,empty_mask,True,-265
183,38,0,earlier,empty_mask,True,-266
182,38,0,earlier,empty_mask,True,-267
181,38,0,earlier,empty_mask,True,-268
180,38,0,earlier,empty_mask,True,-269
179,38,0,earlier,empty_mask,True,-270
178,38,0,earlier,empty_mask,True,-271
177,38,0,earlier,empty_mask,True,-272
176,38,0,earlier,empty_mask,True,-273
175,38,0,earlier,empty_mask,True,-274
174,38,0,earlier,empty_mask,True,-275
173,38,0,earlier,empty_mask,True,-276
172,38,0,earlier,empty_mask,True,-277
171,38,0,earlier,empty_mask,True,-278
170,38,0,earlier,empty_mask,True,-279
169,38,0,earlier,empty_mask,True,-280
168,38,0,earlier,empty_mask,True,-281
167,38,0,earlier,empty_mask,True,-282
166,38,0,earlier,empty_mask,True,-283
165,38,0,earlier,empty_mask,True,-284
164,38,0,earlier,empty_mask,True,-285
163,38,0,earlier,empty_mask,True,-286
162,38,0,earlier,empty_mask,True,-287
161,38,0,earlier,empty_mask,True,-288
160,38,0,earlier,empty_mask,True,-289
159,38,0,earlier,empty_mask,True,-290
158,38,0,earlier,empty_mask,True,-291
157,38,0,earlier,empty_mask,True,-292
156,38,0,earlier,empty_mask,True,-293
155,38,0,earlier,empty_mask,True,-294
154,38,0,earlier,empty_mask,True,-295
153,38,0,earlier,empty_mask,True,-296
152,38,0,earlier,empty_mask,True,-297
151,38,0,earlier,empty_mask,True,-298
150,38,0,earlier,empty_mask,True,-299
149,38,0,earlier,empty_mask,True,-300
148,38,0,earlier,empty_mask,True,-301
147,38,0,earlier,empty_mask,True,-302
146,38,0,earlier,empty_mask,True,-303
145,38,0,earlier,empty_mask,True,-304
144,38,0,earlier,empty_mask,True,-305
143,38,0,earlier,empty_mask,True,-306
142,38,0,earlier,empty_mask,True,-307
141,38,0,earlier,empty_mask,True,-308
140,38,0,earlier,empty_mask,True,-309
139,38,0,earlier,empty_mask,True,-310
138,38,0,earlier,empty_mask,True,-311
137,38,0,earlier,empty_mask,True,-312
136,38,0,earlier,empty_mask,True,-313
135,38,0,earlier,empty_mask,True,-314
134,38,0,earlier,empty_mask,True,-315
133,38,0,earlier,empty_mask,True,-316
132,38,0,earlier,empty_mask,True,-317
131,38,0,earlier,empty_mask,True,-318
130,38,0,earlier,empty_mask,True,-319
129,38,0,earlier,empty_mask,True,-320
128,38,0,earlier,empty_mask,True,-321
127,38,0,earlier,empty_mask,True,-322
126,38,0,earlier,empty_mask,True,-323
125,38,0,earlier,empty_mask,True,-324
124,38,0,earlier,empty_mask,True,-325
123,38,0,earlier,empty_mask,True,-326
122,38,0,earlier,empty_mask,True,-327
121,38,0,earlier,empty_mask,True,-328
120,38,0,earlier,empty_mask,True,-329
119,38,0,earlier,empty_mask,True,-330
118,38,0,earlier,empty_mask,True,-331
117,38,0,earlier,empty_mask,True,-332
116,38,0,earlier,empty_mask,True,-333
115,38,0,earlier,empty_mask,True,-334
114,38,0,earlier,empty_mask,True,-335
113,38,0,earlier,empty_mask,True,-336
112,38,0,earlier,empty_mask,True,-337
111,38,0,earlier,empty_mask,True,-338
110,38,0,earlier,empty_mask,True,-339
109,38,0,earlier,empty_mask,True,-340
108,38,0,earlier,empty_mask,True,-341
107,38,0,earlier,empty_mask,True,-342
106,38,0,earlier,empty_mask,True,-343
105,38,0,earlier,empty_mask,True,-344
104,38,0,earlier,empty_mask,True,-345
103,38,0,earlier,empty_mask,True,-346
102,38,0,earlier,empty_mask,True,-347
101,38,0,earlier,empty_mask,True,-348
100,38,0,earlier,empty_mask,True,-349
99,38,0,earlier,empty_mask,True,-350
98,38,0,earlier,empty_mask,True,-351
97,38,0,earlier,empty_mask,True,-352
96,38,0,earlier,empty_mask,True,-353
95,38,0,earlier,empty_mask,True,-354
94,38,0,earlier,empty_mask,True,-355
93,38,0,earlier,empty_mask,True,-356
92,38,0,earlier,empty_mask,True,-357
91,38,0,earlier,empty_mask,True,-358
90,38,0,earlier,empty_mask,True,-359
89,38,0,earlier,empty_mask,True,-360
88,38,0,earlier,empty_mask,True,-361
87,38,0,earlier,empty_mask,True,-362
86,38,0,earlier,empty_mask,True,-363
85,38,0,earlier,empty_mask,True,-364
84,38,0,earlier,empty_mask,True,-365
83,38,0,earlier,empty_mask,True,-366
82,38,0,earlier,empty_mask,True,-367
81,38,0,earlier,empty_mask,True,-368
80,38,0,earlier,empty_mask,True,-369
79,38,0,earlier,empty_mask,True,-370
78,38,0,earlier,empty_mask,True,-371
77,38,0,earlier,empty_mask,True,-372
76,38,0,earlier,empty_mask,True,-373
75,38,0,earlier,empty_mask,True,-374
74,38,0,earlier,empty_mask,True,-375
73,38,0,earlier,empty_mask,True,-376
72,38,0,earlier,empty_mask,True,-377
71,38,0,earlier,empty_mask,True,-378
70,38,0,earlier,empty_mask,True,-379
69,38,0,earlier,empty_mask,True,-380
68,38,0,earlier,empty_mask,True,-381
67,38,0,earlier,empty_mask,True,-382
66,38,0,earlier,empty_mask,True,-383
65,38,0,earlier,empty_mask,True,-384
64,38,0,earlier,empty_mask,True,-385
63,38,0,earlier,empty_mask,True,-386
62,38,0,earlier,empty_mask,True,-387
61,38,0,earlier,empty_mask,True,-388
60,38,0,earlier,empty_mask,True,-389
59,38,0,earlier,empty_mask,True,-390
58,38,0,earlier,empty_mask,True,-391
57,38,0,earlier,empty_mask,True,-392
56,38,0,earlier,empty_mask,True,-393
55,38,0,earlier,empty_mask,True,-394
54,38,0,earlier,empty_mask,True,-395
53,38,0,earlier,empty_mask,True,-396
52,38,0,earlier,empty_mask,True,-397
51,38,0,earlier,empty_mask,True,-398
50,38,0,earlier,empty_mask,True,-399
49,38,0,earlier,empty_mask,True,-400
48,38,0,earlier,empty_mask,True,-401
47,38,0,earlier,empty_mask,True,-402
46,38,0,earlier,empty_mask,True,-403
45,38,0,earlier,empty_mask,True,-404
44,38,0,earlier,empty_mask,True,-405
43,38,0,earlier,empty_mask,True,-406
42,38,0,earlier,empty_mask,True,-407
41,38,0,earlier,empty_mask,True,-408
40,38,0,earlier,empty_mask,True,-409
39,38,0,earlier,empty_mask,True,-410
38,38,0,earlier,empty_mask,True,-411
37,38,0,earlier,empty_mask,True,-412
36,38,0,earlier,empty_mask,True,-413
35,38,0,earlier,empty_mask,True,-414
34,38,0,earlier,empty_mask,True,-415
33,38,0,earlier,empty_mask,True,-416
32,38,0,earlier,empty_mask,True,-417
31,38,0,earlier,empty_mask,True,-418
30,38,0,earlier,empty_mask,True,-419
29,38,0,earlier,empty_mask,True,-420
28,38,0,earlier,empty_mask,True,-421
27,38,0,earlier,empty_mask,True,-422
26,38,0,earlier,empty_mask,True,-423
25,38,0,earlier,empty_mask,True,-424
24,38,0,earlier,empty_mask,True,-425
23,38,0,earlier,empty_mask,True,-426
22,38,0,earlier,empty_mask,True,-427
21,38,0,earlier,empty_mask,True,-428
20,38,0,earlier,empty_mask,True,-429
19,38,0,earlier,empty_mask,True,-430
18,38,0,earlier,empty_mask,True,-431
17,38,0,earlier,empty_mask,True,-432
16,38,0,earlier,empty_mask,True,-433
15,38,0,earlier,empty_mask,True,-434
14,38,0,earlier,empty_mask,True,-435
13,38,0,earlier,empty_mask,True,-436
12,38,0,earlier,empty_mask,True,-437
11,38,0,earlier,empty_mask,True,-438
10,38,0,earlier,empty_mask,True,-439
9,38,0,earlier,empty_mask,True,-440
8,38,0,earlier,empty_mask,True,-441
7,38,0,earlier,empty_mask,True,-442
6,38,0,earlier,empty_mask,True,-443
5,38,0,earlier,empty_mask,True,-444
4,38,0,earlier,empty_mask,True,-445
3,38,0,earlier,empty_mask,True,-446
2,38,0,earlier,empty_mask,True,-447
1,38,0,earlier,empty_mask,True,-448
0,38,0,earlier,empty_mask,True,-449
938,75,1,earlier,empty_mask,True,-186
937,75,1,earlier,empty_mask,True,-187
936,75,1,earlier,empty_mask,True,-188
935,75,1,earlier,empty_mask,True,-189
934,75,1,earlier,empty_mask,True,-190
933,75,1,earlier,empty_mask,True,-191
932,75,1,earlier,empty_mask,True,-192
931,75,1,earlier,empty_mask,True,-193
930,75,1,earlier,empty_mask,True,-194
929,75,1,earlier,empty_mask,True,-195
928,75,1,earlier,empty_mask,True,-196
927,75,1,earlier,empty_mask,True,-197
926,75,1,earlier,empty_mask,True,-198
925,75,1,earlier,empty_mask,True,-199
924,75,1,earlier,empty_mask,True,-200
924,113,1,earlier,empty_mask,True,-200
923,14,1,earlier,empty_mask,True,-201
923,75,1,earlier,empty_mask,True,-201
923,113,1,earlier,empty_mask,True,-201
922,14,1,earlier,empty_mask,True,-202
922,75,1,earlier,empty_mask,True,-202
922,113,1,earlier,empty_mask,True,-202
921,75,1,earlier,empty_mask,True,-203
920,75,1,earlier,empty_mask,True,-204
2100,38,2,later,empty_mask,True,226
2101,38,2,later,empty_mask,True,227
2102,38,2,later,empty_mask,True,228
2103,38,2,later,empty_mask,True,229
2104,38,2,later,empty_mask,True,230
2105,38,2,later,empty_mask,True,231
2106,38,2,later,empty_mask,True,232
2107,38,2,later,empty_mask,True,233
2108,38,2,later,empty_mask,True,234
2109,38,2,later,empty_mask,True,235
2110,38,2,later,empty_mask,True,236
2111,38,2,later,empty_mask,True,237
2112,38,2,later,empty_mask,True,238
2113,38,2,later,empty_mask,True,239
2189,14,2,later,empty_mask,True,315
2190,14,2,later,empty_mask,True,316
2191,14,2,later,empty_mask,True,317
2192,14,2,later,empty_mask,True,318
2193,14,2,later,empty_mask,True,319
2194,14,2,later,empty_mask,True,320
2195,14,2,later,empty_mask,True,321
2196,14,2,later,empty_mask,True,322
2197,14,2,later,empty_mask,True,323
2198,14,2,later,empty_mask,True,324
2199,14,2,later,empty_mask,True,325
2200,14,2,later,empty_mask,True,326
2201,14,2,later,empty_mask,True,327
2202,14,2,later,empty_mask,True,328
2203,14,2,later,empty_mask,True,329
2204,14,2,later,empty_mask,True,330
2205,14,2,later,empty_mask,True,331
2206,14,2,later,empty_mask,True,332
2207,14,2,later,empty_mask,True,333
2208,14,2,later,empty_mask,True,334
2209,14,2,later,empty_mask,True,335
2210,14,2,later,empty_mask,True,336
2211,14,2,later,empty_mask,True,337
2212,14,2,later,empty_mask,True,338
2213,14,2,later,empty_mask,True,339
2214,14,2,later,empty_mask,True,340
2215,14,2,later,empty_mask,True,341
2216,14,2,later,empty_mask,True,342
2217,14,2,later,empty_mask,True,343
2218,14,2,later,empty_mask,True,344
2219,14,2,later,empty_mask,True,345
2220,14,2,later,empty_mask,True,346
2221,14,2,later,empty_mask,True,347
2222,14,2,later,empty_mask,True,348
2223,14,2,later,empty_mask,True,349
2224,14,2,later,empty_mask,True,350
2225,14,2,later,empty_mask,True,351
2226,14,2,later,empty_mask,True,352
2227,14,2,later,empty_mask,True,353
2228,14,2,later,empty_mask,True,354
2229,14,2,later,empty_mask,True,355
2230,14,2,later,empty_mask,True,356
2231,14,2,later,empty_mask,True,357
2232,14,2,later,empty_mask,True,358
2233,14,2,later,empty_mask,True,359
2234,14,2,later,empty_mask,True,360
2235,14,2,later,empty_mask,True,361
2236,14,2,later,empty_mask,True,362
2237,14,2,later,empty_mask,True,363
2238,14,2,later,empty_mask,True,364
2239,14,2,later,empty_mask,True,365
2240,14,2,later,empty_mask,True,366
2241,14,2,later,empty_mask,True,367
2242,14,2,later,empty_mask,True,368
2243,14,2,later,empty_mask,True,369
2244,14,2,later,empty_mask,True,370
2245,14,2,later,empty_mask,True,371
2246,14,2,later,empty_mask,True,372
2247,14,2,later,empty_mask,True,373
2248,14,2,later,empty_mask,True,374
2249,14,2,later,empty_mask,True,375
2944,38,3,later,empty_mask,True,320
2945,38,3,later,empty_mask,True,321
2946,38,3,later,empty_mask,True,322
2947,38,3,later,empty_mask,True,323
2948,38,3,later,empty_mask,True,324
2949,38,3,later,empty_mask,True,325
2950,38,3,later,empty_mask,True,326
2951,38,3,later,empty_mask,True,327
2952,38,3,later,empty_mask,True,328
2953,38,3,later,empty_mask,True,329
2954,38,3,later,empty_mask,True,330
2955,38,3,later,empty_mask,True,331
2956,38,3,later,empty_mask,True,332
2957,38,3,later,empty_mask,True,333
2958,38,3,later,empty_mask,True,334
2959,38,3,later,empty_mask,True,335
2960,38,3,later,empty_mask,True,336
2961,38,3,later,empty_mask,True,337
2962,38,3,later,empty_mask,True,338
2963,38,3,later,empty_mask,True,339
2964,38,3,later,empty_mask,True,340
2965,38,3,later,empty_mask,True,341
2966,38,3,later,empty_mask,True,342
2967,38,3,later,empty_mask,True,343
2968,38,3,later,empty_mask,True,344
2969,38,3,later,empty_mask,True,345
2970,38,3,later,empty_mask,True,346
2971,38,3,later,empty_mask,True,347
2972,38,3,later,empty_mask,True,348
2973,38,3,later,empty_mask,True,349
2974,38,3,later,empty_mask,True,350
2975,38,3,later,empty_mask,True,351
2976,38,3,later,empty_mask,True,352
2977,38,3,later,empty_mask,True,353
2978,38,3,later,empty_mask,True,354
2979,38,3,later,empty_mask,True,355
2429,75,3,earlier,empty_mask,True,-195
2428,75,3,earlier,empty_mask,True,-196
2427,75,3,earlier,empty_mask,True,-197
2426,75,3,earlier,empty_mask,True,-198
2425,75,3,earlier,empty_mask,True,-199
2424,75,3,earlier,empty_mask,True,-200
2423,75,3,earlier,empty_mask,True,-201
2422,75,3,earlier,empty_mask,True,-202
2421,75,3,earlier,empty_mask,True,-203
2420,75,3,earlier,empty_mask,True,-204
2419,75,3,earlier,empty_mask,True,-205
2418,75,3,earlier,empty_mask,True,-206
2417,75,3,earlier,empty_mask,True,-207
2416,75,3,earlier,empty_mask,True,-208
2415,75,3,earlier,empty_mask,True,-209
2414,75,3,earlier,empty_mask,True,-210
2413,75,3,earlier,empty_mask,True,-211
2412,75,3,earlier,empty_mask,True,-212
2411,75,3,earlier,empty_mask,True,-213
2410,75,3,earlier,empty_mask,True,-214
2409,75,3,earlier,empty_mask,True,-215
2408,75,3,earlier,empty_mask,True,-216
2407,75,3,earlier,empty_mask,True,-217
2406,75,3,earlier,empty_mask,True,-218
2405,75,3,earlier,empty_mask,True,-219
2404,75,3,earlier,empty_mask,True,-220
2403,75,3,earlier,empty_mask,True,-221
2402,75,3,earlier,empty_mask,True,-222
2401,75,3,earlier,empty_mask,True,-223
2400,75,3,earlier,empty_mask,True,-224
2399,75,3,earlier,empty_mask,True,-225
2398,75,3,earlier,empty_mask,True,-226
2397,75,3,earlier,empty_mask,True,-227
2396,75,3,earlier,empty_mask,True,-228
2395,75,3,earlier,empty_mask,True,-229
2394,75,3,earlier,empty_mask,True,-230
2393,75,3,earlier,empty_mask,True,-231
2392,75,3,earlier,empty_mask,True,-232
2391,75,3,earlier,empty_mask,True,-233
2390,75,3,earlier,empty_mask,True,-234
2389,75,3,earlier,empty_mask,True,-235
2388,75,3,earlier,empty_mask,True,-236
2387,75,3,earlier,empty_mask,True,-237
2386,75,3,earlier,empty_mask,True,-238
2385,75,3,earlier,empty_mask,True,-239
2384,75,3,earlier,empty_mask,True,-240
2383,75,3,earlier,empty_mask,True,-241
2382,75,3,earlier,empty_mask,True,-242
2309,75,3,earlier,empty_mask,True,-315
2308,75,3,earlier,empty_mask,True,-316
2307,75,3,earlier,empty_mask,True,-317
2306,75,3,earlier,empty_mask,True,-318
2305,75,3,earlier,empty_mask,True,-319
2304,75,3,earlier,empty_mask,True,-320
2303,75,3,earlier,empty_mask,True,-321
2302,75,3,earlier,empty_mask,True,-322
2301,75,3,earlier,empty_mask,True,-323
2300,75,3,earlier,empty_mask,True,-324
2299,75,3,earlier,empty_mask,True,-325
2298,75,3,earlier,empty_mask,True,-326
2297,75,3,earlier,empty_mask,True,-327
2296,75,3,earlier,empty_mask,True,-328
2295,75,3,earlier,empty_mask,True,-329
2294,75,3,earlier,empty_mask,True,-330
2293,75,3,earlier,empty_mask,True,-331
2292,75,3,earlier,empty_mask,True,-332
2291,75,3,earlier,empty_mask,True,-333
2290,75,3,earlier,empty_mask,True,-334
2289,75,3,earlier,empty_mask,True,-335
2288,75,3,earlier,empty_mask,True,-336
2287,75,3,earlier,empty_mask,True,-337
2286,75,3,earlier,empty_mask,True,-338
2285,75,3,earlier,empty_mask,True,-339
2284,75,3,earlier,empty_mask,True,-340
2283,75,3,earlier,empty_mask,True,-341
2282,75,3,earlier,empty_mask,True,-342
2281,75,3,earlier,empty_mask,True,-343
2280,75,3,earlier,empty_mask,True,-344
2279,75,3,earlier,empty_mask,True,-345
2278,75,3,earlier,empty_mask,True,-346
2277,75,3,earlier,empty_mask,True,-347
2276,75,3,earlier,empty_mask,True,-348
2275,75,3,earlier,empty_mask,True,-349
2274,75,3,earlier,empty_mask,True,-350
2273,75,3,earlier,empty_mask,True,-351
2272,75,3,earlier,empty_mask,True,-352
2271,75,3,earlier,empty_mask,True,-353
2270,75,3,earlier,empty_mask,True,-354
2269,75,3,earlier,empty_mask,True,-355
2268,75,3,earlier,empty_mask,True,-356
2267,75,3,earlier,empty_mask,True,-357
2266,75,3,earlier,empty_mask,True,-358
2265,75,3,earlier,empty_mask,True,-359
2264,75,3,earlier,empty_mask,True,-360
2263,75,3,earlier,empty_mask,True,-361
2262,75,3,earlier,empty_mask,True,-362
2261,75,3,earlier,empty_mask,True,-363
2260,75,3,earlier,empty_mask,True,-364
2259,75,3,earlier,empty_mask,True,-365
2258,75,3,earlier,empty_mask,True,-366
2257,75,3,earlier,empty_mask,True,-367
2256,75,3,earlier,empty_mask,True,-368
2250,113,3,earlier,empty_mask,True,-374
3338,38,4,later,empty_mask,True,14
3339,38,4,later,empty_mask,True,15
3340,38,4,later,empty_mask,True,16
3341,38,4,later,empty_mask,True,17
3342,38,4,later,empty_mask,True,18
3343,38,4,later,empty_mask,True,19
3344,38,4,later,empty_mask,True,20
3345,38,4,later,empty_mask,True,21
3346,38,4,later,empty_mask,True,22
3347,38,4,later,empty_mask,True,23
3348,38,4,later,empty_mask,True,24
3349,38,4,later,empty_mask,True,25
3350,38,4,later,empty_mask,True,26
3351,38,4,later,empty_mask,True,27
3352,38,4,later,empty_mask,True,28
3353,38,4,later,empty_mask,True,29
3354,38,4,later,empty_mask,True,30
3355,38,4,later,empty_mask,True,31
3356,38,4,later,empty_mask,True,32
3357,38,4,later,empty_mask,True,33
3358,38,4,later,empty_mask,True,34
3359,38,4,later,empty_mask,True,35
3360,38,4,later,empty_mask,True,36
3361,38,4,later,empty_mask,True,37
3362,38,4,later,empty_mask,True,38
3363,38,4,later,empty_mask,True,39
3364,38,4,later,empty_mask,True,40
3365,38,4,later,empty_mask,True,41
3366,38,4,later,empty_mask,True,42
3367,38,4,later,empty_mask,True,43
3368,38,4,later,empty_mask,True,44
3369,38,4,later,empty_mask,True,45
3370,38,4,later,empty_mask,True,46
3371,38,4,later,empty_mask,True,47
3372,38,4,later,empty_mask,True,48
3373,38,4,later,empty_mask,True,49
3374,38,4,later,empty_mask,True,50
3375,38,4,later,empty_mask,True,51
3376,38,4,later,empty_mask,True,52
3377,38,4,later,empty_mask,True,53
3378,38,4,later,empty_mask,True,54
3379,38,4,later,empty_mask,True,55
3380,38,4,later,empty_mask,True,56
3381,38,4,later,empty_mask,True,57
3382,38,4,later,empty_mask,True,58
3383,38,4,later,empty_mask,True,59
3384,38,4,later,empty_mask,True,60
3385,38,4,later,empty_mask,True,61
3386,38,4,later,empty_mask,True,62
3387,38,4,later,empty_mask,True,63
3388,38,4,later,empty_mask,True,64
3389,38,4,later,empty_mask,True,65
3390,38,4,later,empty_mask,True,66
3391,38,4,later,empty_mask,True,67
3392,38,4,later,empty_mask,True,68
3393,38,4,later,empty_mask,True,69
3394,38,4,later,empty_mask,True,70
3395,38,4,later,empty_mask,True,71
3396,38,4,later,empty_mask,True,72
3397,38,4,later,empty_mask,True,73
3398,38,4,later,empty_mask,True,74
3399,38,4,later,empty_mask,True,75
3400,38,4,later,empty_mask,True,76
3401,38,4,later,empty_mask,True,77
3402,38,4,later,empty_mask,True,78
3403,38,4,later,empty_mask,True,79
3404,38,4,later,empty_mask,True,80
3405,38,4,later,empty_mask,True,81
3406,38,4,later,empty_mask,True,82
3407,38,4,later,empty_mask,True,83
3408,38,4,later,empty_mask,True,84
3409,38,4,later,empty_mask,True,85
3410,38,4,later,empty_mask,True,86
3411,38,4,later,empty_mask,True,87
3412,38,4,later,empty_mask,True,88
3413,38,4,later,empty_mask,True,89
3414,14,4,later,empty_mask,True,90
3650,38,4,later,empty_mask,True,326
3651,38,4,later,empty_mask,True,327
3652,38,4,later,empty_mask,True,328
3653,38,4,later,empty_mask,True,329
3654,38,4,later,empty_mask,True,330
3655,38,4,later,empty_mask,True,331
3656,38,4,later,empty_mask,True,332
3657,38,4,later,empty_mask,True,333
3658,38,4,later,empty_mask,True,334
3659,38,4,later,empty_mask,True,335
3660,38,4,later,empty_mask,True,336
3661,38,4,later,empty_mask,True,337
3662,38,4,later,empty_mask,True,338
3663,38,4,later,empty_mask,True,339
3664,38,4,later,empty_mask,True,340
3665,38,4,later,empty_mask,True,341
3666,38,4,later,empty_mask,True,342
3667,38,4,later,empty_mask,True,343
3668,38,4,later,empty_mask,True,344
3669,38,4,later,empty_mask,True,345
3670,38,4,later,empty_mask,True,346
3671,38,4,later,empty_mask,True,347
3672,38,4,later,empty_mask,True,348
3673,38,4,later,empty_mask,True,349
3674,38,4,later,empty_mask,True,350
3675,38,4,later,empty_mask,True,351
3676,38,4,later,empty_mask,True,352
3677,38,4,later,empty_mask,True,353
3678,38,4,later,empty_mask,True,354
3679,38,4,later,empty_mask,True,355
3680,38,4,later,empty_mask,True,356
3681,38,4,later,empty_mask,True,357
3682,38,4,later,empty_mask,True,358
3683,38,4,later,empty_mask,True,359
3684,38,4,later,empty_mask,True,360
3685,38,4,later,empty_mask,True,361
3686,38,4,later,empty_mask,True,362
3687,38,4,later,empty_mask,True,363
3688,38,4,later,empty_mask,True,364
3689,38,4,later,empty_mask,True,365
3690,38,4,later,empty_mask,True,366
3691,38,4,later,empty_mask,True,367
3692,38,4,later,empty_mask,True,368
3693,38,4,later,empty_mask,True,369
3694,38,4,later,empty_mask,True,370
3695,38,4,later,empty_mask,True,371
3696,38,4,later,empty_mask,True,372
3697,38,4,later,empty_mask,True,373
3698,38,4,later,empty_mask,True,374
3699,38,4,later,empty_mask,True,375
3700,38,4,later,empty_mask,True,376
3701,38,4,later,empty_mask,True,377
3702,38,4,later,empty_mask,True,378
3703,38,4,later,empty_mask,True,379
3704,38,4,later,empty_mask,True,380
3705,38,4,later,empty_mask,True,381
3308,75,4,earlier,empty_mask,True,-16
3307,75,4,earlier,empty_mask,True,-17
3306,75,4,earlier,empty_mask,True,-18
3305,75,4,earlier,empty_mask,True,-19
3304,75,4,earlier,empty_mask,True,-20
3303,75,4,earlier,empty_mask,True,-21
3302,75,4,earlier,empty_mask,True,-22
3301,75,4,earlier,empty_mask,True,-23
3300,75,4,earlier,empty_mask,True,-24
3299,75,4,earlier,empty_mask,True,-25
3298,75,4,earlier,empty_mask,True,-26
3297,75,4,earlier,empty_mask,True,-27
3296,38,4,earlier,empty_mask,True,-28
3296,75,4,earlier,empty_mask,True,-28
3295,38,4,earlier,empty_mask,True,-29
3295,75,4,earlier,empty_mask,True,-29
3294,38,4,earlier,empty_mask,True,-30
3294,75,4,earlier,empty_mask,True,-30
3293,38,4,earlier,empty_mask,True,-31
3293,75,4,earlier,empty_mask,True,-31
3292,38,4,earlier,empty_mask,True,-32
3292,75,4,earlier,empty_mask,True,-32
3291,38,4,earlier,empty_mask,True,-33
3291,75,4,earlier,empty_mask,True,-33
3290,38,4,earlier,empty_mask,True,-34
3290,75,4,earlier,empty_mask,True,-34
3289,38,4,earlier,empty_mask,True,-35
3289,75,4,earlier,empty_mask,True,-35
3288,38,4,earlier,empty_mask,True,-36
3288,75,4,earlier,empty_mask,True,-36
3287,38,4,earlier,empty_mask,True,-37
3286,38,4,earlier,empty_mask,True,-38
3285,38,4,earlier,empty_mask,True,-39
3284,38,4,earlier,empty_mask,True,-40
3283,38,4,earlier,empty_mask,True,-41
3282,38,4,earlier,empty_mask,True,-42
3281,38,4,earlier,empty_mask,True,-43
3280,38,4,earlier,empty_mask,True,-44
3279,38,4,earlier,empty_mask,True,-45
3278,38,4,earlier,empty_mask,True,-46
3277,38,4,earlier,empty_mask,True,-47
3276,38,4,earlier,empty_mask,True,-48
3275,38,4,earlier,empty_mask,True,-49
3274,38,4,earlier,empty_mask,True,-50
3273,38,4,earlier,empty_mask,True,-51
3272,38,4,earlier,empty_mask,True,-52
3271,38,4,earlier,empty_mask,True,-53
3270,38,4,earlier,empty_mask,True,-54
3269,38,4,earlier,empty_mask,True,-55
3268,38,4,earlier,empty_mask,True,-56
3267,38,4,earlier,empty_mask,True,-57
3266,38,4,earlier,empty_mask,True,-58
3265,38,4,earlier,empty_mask,True,-59
3264,38,4,earlier,empty_mask,True,-60
3263,38,4,earlier,empty_mask,True,-61
3262,38,4,earlier,empty_mask,True,-62
3261,38,4,earlier,empty_mask,True,-63
3260,38,4,earlier,empty_mask,True,-64
3259,38,4,earlier,empty_mask,True,-65
3258,38,4,earlier,empty_mask,True,-66
3257,38,4,earlier,empty_mask,True,-67
3256,38,4,earlier,empty_mask,True,-68
3255,38,4,earlier,empty_mask,True,-69
3254,38,4,earlier,empty_mask,True,-70
3253,38,4,earlier,empty_mask,True,-71
3252,38,4,earlier,empty_mask,True,-72
3251,38,4,earlier,empty_mask,True,-73
3250,38,4,earlier,empty_mask,True,-74
3249,38,4,earlier,empty_mask,True,-75
3248,38,4,earlier,empty_mask,True,-76
3076,38,4,earlier,empty_mask,True,-248
3075,38,4,earlier,empty_mask,True,-249
3074,38,4,earlier,empty_mask,True,-250
3073,38,4,earlier,empty_mask,True,-251
3072,38,4,earlier,empty_mask,True,-252
3071,38,4,earlier,empty_mask,True,-253
3070,38,4,earlier,empty_mask,True,-254
3069,38,4,earlier,empty_mask,True,-255
3068,38,4,earlier,empty_mask,True,-256
3067,38,4,earlier,empty_mask,True,-257
3066,38,4,earlier,empty_mask,True,-258
3065,38,4,earlier,empty_mask,True,-259
3064,38,4,earlier,empty_mask,True,-260
3063,38,4,earlier,empty_mask,True,-261
3062,38,4,earlier,empty_mask,True,-262
3061,38,4,earlier,empty_mask,True,-263
3060,38,4,earlier,empty_mask,True,-264
3059,38,4,earlier,empty_mask,True,-265
3058,38,4,earlier,empty_mask,True,-266
3057,38,4,earlier,empty_mask,True,-267
3056,38,4,earlier,empty_mask,True,-268
3055,38,4,earlier,empty_mask,True,-269
3054,38,4,earlier,empty_mask,True,-270
3053,38,4,earlier,empty_mask,True,-271
3052,38,4,earlier,empty_mask,True,-272
3051,38,4,earlier,empty_mask,True,-273
3050,38,4,earlier,empty_mask,True,-274
3049,38,4,earlier,empty_mask,True,-275
3048,38,4,earlier,empty_mask,True,-276
3047,38,4,earlier,empty_mask,True,-277
3046,38,4,earlier,empty_mask,True,-278
3045,38,4,earlier,empty_mask,True,-279
3044,38,4,earlier,empty_mask,True,-280
3043,38,4,earlier,empty_mask,True,-281
3042,38,4,earlier,empty_mask,True,-282
3041,38,4,earlier,empty_mask,True,-283
3040,38,4,earlier,empty_mask,True,-284
3039,38,4,earlier,empty_mask,True,-285
3038,38,4,earlier,empty_mask,True,-286
3037,38,4,earlier,empty_mask,True,-287
3036,38,4,earlier,empty_mask,True,-288
3035,38,4,earlier,empty_mask,True,-289
3034,38,4,earlier,empty_mask,True,-290
3033,38,4,earlier,empty_mask,True,-291
3032,38,4,earlier,empty_mask,True,-292
3031,38,4,earlier,empty_mask,True,-293
3030,38,4,earlier,empty_mask,True,-294
3029,38,4,earlier,empty_mask,True,-295
3028,38,4,earlier,empty_mask,True,-296
3027,38,4,earlier,empty_mask,True,-297
3026,38,4,earlier,empty_mask,True,-298
3025,38,4,earlier,empty_mask,True,-299
3024,38,4,earlier,empty_mask,True,-300
3023,38,4,earlier,empty_mask,True,-301
3022,38,4,earlier,empty_mask,True,-302
3021,38,4,earlier,empty_mask,True,-303
3020,38,4,earlier,empty_mask,True,-304
3019,38,4,earlier,empty_mask,True,-305
3018,38,4,earlier,empty_mask,True,-306
3017,38,4,earlier,empty_mask,True,-307
3016,38,4,earlier,empty_mask,True,-308
3015,38,4,earlier,empty_mask,True,-309
3014,38,4,earlier,empty_mask,True,-310
3013,38,4,earlier,empty_mask,True,-311
3012,38,4,earlier,empty_mask,True,-312
3011,38,4,earlier,empty_mask,True,-313
3010,38,4,earlier,empty_mask,True,-314
