video_frame,gt_id,gt_frame,pred_area,gt_area,image,source_rgb_sha256,prediction_sha256,gt_sha256
0,38,0,0,23996,video000000_GT38.jpg,b48d56a74a37a73d5df0cdc9fb9acba3d54ab2313becad2eb98406949a4f7639,01f361f8d8efc995078c09c4cd0d8424417c34b5168e38efbfa229c970373ed5,b7670727b5881ed59f3e5d8182ace14d8664bd03b7e25f8d26e8f760d2ce21a6
162,38,150,0,16224,video000162_GT38.jpg,b75182320602bcc3579b884882545bbccc79af125b0abb7fcc6941675418c1af,01f361f8d8efc995078c09c4cd0d8424417c34b5168e38efbfa229c970373ed5,84b725c1c2df801e6a3af550d62815a6c2e36aa0e92477448eeeff06af722ecb
325,38,313,0,16564,video000325_GT38.jpg,a45b530c8fc958b0f19820bc429e20875033e9919dd8e3bd2c8e638964cbb281,01f361f8d8efc995078c09c4cd0d8424417c34b5168e38efbfa229c970373ed5,ea338719a2fe291e7e375323d6c636b81385fa5a9622986d7d6dfd93cbf1e1dc
330,38,318,0,0,video000330_GT38.jpg,03f0eddf7115b15a61ce368a0da82814021f9dccfe4170404df9c581a198d438,01f361f8d8efc995078c09c4cd0d8424417c34b5168e38efbfa229c970373ed5,65e68ff139ae82c4d77c1f1431e58d1af314e5facf72dd763014e9205e35aba6
449,38,437,2244,1664,video000449_GT38.jpg,2b747980dfe96d171580343a8f24e5bf9d9f90750c8f0552401e66a5cca8a4c7,c4d80099f7f83827667a43373eaa3c7367c584e9f4661cb04c6c92e503dae7ee,45057c2a14f932625bf4dceb665297adcbc9bb732aec8e376eefba63b2817608
511,38,499,6417,2904,video000511_GT38.jpg,2254c6fd51a8a8d95fe15f9856e01727e958778451bd244e2a13fb073eee0ef5,8aae5ea9930be3429529ec83b5a7bf1d42862ba523953cc8f13fe98c7b395cd6,e825c025d6015725355c8a94b151a5291298524d126b0ef806b81554eb9ff841
516,38,504,0,0,video000516_GT38.jpg,11730e2abd2593406d42e85c0b6f804c07bf2a8e9be4c69bd1a87e59a905ad68,01f361f8d8efc995078c09c4cd0d8424417c34b5168e38efbfa229c970373ed5,a4838cf32d73af7bfa906ec3fbd561c273f37075a4baea1831203d82ce426717
573,38,561,0,0,video000573_GT38.jpg,7144b6cad80ca244b9f60933b4f30e6434b746875bbc73f6e982970817bf8c7f,01f361f8d8efc995078c09c4cd0d8424417c34b5168e38efbfa229c970373ed5,2a669628c329685a79d5815a0016c3e5bf3ad8dfd572cc49ed87fe2a6d46aca3
630,38,618,0,0,video000630_GT38.jpg,6b62d34125f18a63d11c12ab195d8cc291028314aca618639382429694e0aa02,01f361f8d8efc995078c09c4cd0d8424417c34b5168e38efbfa229c970373ed5,7e877b01a98fa2ad8469bc4b64e2c5c3d3ec4c94dcc84e1eeecd1920d4cfc964
635,38,623,8412,5668,video000635_GT38.jpg,82143627b06c424a67e3f3a3295604907a74f9acc55ecb0d796c1168b677181e,d9cae2796c27ee0507c223fb2709dbf716879a96a500c5a40ce7711b875f9d36,765250450afac48880f4293f63da84fddc20c3cd40d769ecdea8ef73c0b2a7ff
322,38,310,0,30132,video000322_GT38.jpg,0c40d31d09de94e0d24a94318c71476abfde8834a7c0c94563eb66f7837c6a2e,01f361f8d8efc995078c09c4cd0d8424417c34b5168e38efbfa229c970373ed5,5f384c82a8117dd8e0eaaf4f5c265a70d6198aedb1c13355f6d51b42797bccfe
327,38,315,0,0,video000327_GT38.jpg,140454d897fd5efa9b734459c50421a836006f5ef2e9074128163b8efdc40aba,01f361f8d8efc995078c09c4cd0d8424417c34b5168e38efbfa229c970373ed5,b09cd1e1409a99dab549872ff49c0c6ddb260806f3b3c3427604324caa5916af
372,38,360,0,0,video000372_GT38.jpg,d1c6ffe5c182d02fbdc8510610daf03bab4f4938f397a5de2284dc5d82530f3a,01f361f8d8efc995078c09c4cd0d8424417c34b5168e38efbfa229c970373ed5,f26c6f5e8b8e11a8218b7a1d857b0bb7ba885637dd51639994d59affe1e5f940
418,38,406,0,0,video000418_GT38.jpg,12eab45ec09989e137bc2a29ff0cbaeb2cdf4fb37368ff31aa916339fcdf5f91,01f361f8d8efc995078c09c4cd0d8424417c34b5168e38efbfa229c970373ed5,d926250ccc71befc77d168af469602aa7e6e6ab7673381f2b76e474a26d86352
423,38,411,2658,1888,video000423_GT38.jpg,71a2ce6e5354554fdba4ab9aa763183e5990f1014a2bdf015de6ce9e8009b4b6,71cb9456edc81d9c0c9db3e933e75d66769ea3f2b2c1eb169e9ac008939d7e13,8ca7ce38efc23db1576cf2c881e47bcb6975e3527b137b27b82af136e6ff569e
3324,38,3312,10505,10204,video003324_GT38.jpg,d8edd5b88f147417650985e069a4a165c6ffe7ad2d469315e6717684cebcf96a,ab5515310ab48ec94cb4089f1db64e870ebf9dd53f2cf31c6af7d15e8020968e,3696e7b7780c9068bf6f670ada6ff1fc06993455d2a41649790313e570a44da6
3333,38,3321,33380,12304,video003333_GT38.jpg,b39930a6f0bc23aab4cf8fc77d44a7dfd7150bc5995182141a89cbcde8338166,20dff8336ef00ec03fe9f1da64cf210e1232d9873b3d31bf726000f965817fbb,9231c3f1f8198216e81d9bd5eb9536e6a7e9dd5ff57bf7ad8990de4f2b056342
3338,38,3326,0,0,video003338_GT38.jpg,7998ebbef872eadfba07a0cdbed8c68939373d7f4f7adcfd0ccbc3d983633493,01f361f8d8efc995078c09c4cd0d8424417c34b5168e38efbfa229c970373ed5,e76fbb382206a025ae1c4c5d4aaf9767a86518d0f44f14620128fef0816f76ff
3375,38,3363,0,0,video003375_GT38.jpg,72b21ea7d470b6550ebb3eda49e0431b491525d5f7796a313cb30a37b7eaf0e6,01f361f8d8efc995078c09c4cd0d8424417c34b5168e38efbfa229c970373ed5,0807635adb9e159b1a32686ed76241621047e12c996ff0198ddbe8ae97aeaf40
3413,38,3401,0,44100,video003413_GT38.jpg,3bb79f71c7c3b59a6df9a900d9b56875a453c17b30309e19a5e725484abb311e,01f361f8d8efc995078c09c4cd0d8424417c34b5168e38efbfa229c970373ed5,b87222adfc8b4b6e57c2f29d4ea30ce775f046b8e8eea1e589d14ae4421c4a42
3418,38,3406,42370,41356,video003418_GT38.jpg,816fa78d078969c6a7607550993d17727b0f5bf29953df76ae96fb5085b491e3,b736982162c9a8ff24a1034bc6eed7896786c34c295ab8d013ce72b78d3a9adb,fcf687da0e393b4b4abd9f547df8aae05442af69c1c7525a2ca8394118e27eca
3005,38,2993,12268,24772,video003005_GT38.jpg,01718814d581d7d2534cd63ece88af91c2a847ea32ba5fbee304a7538da9ed6e,8f7d0deaf04722b4211211f8ee39565be467f53c31fc045f60b7880c69fa8a57,55a2295849f5c35c11f89e32c2e214c77c65ea49c3804ba0501450fbd26f04ea
3010,38,2998,0,20016,video003010_GT38.jpg,a584181b2ed3d825e1a74202a3846bc66442974c98037127588074a968728ed1,01f361f8d8efc995078c09c4cd0d8424417c34b5168e38efbfa229c970373ed5,59aab730d46a91c4ba30eb96cd651c42f3c28853c9716e1d486d285e522e60a8
3043,38,3031,0,15600,video003043_GT38.jpg,28274c9eb48280e7a463dce821f067569780e2ceb269cf6dd66c1f180342592c,01f361f8d8efc995078c09c4cd0d8424417c34b5168e38efbfa229c970373ed5,8c5faed78ec3b0df92ba3cc15e867cd5ab5a5a67238f82e7da116a8fba987d76
3076,38,3064,0,9400,video003076_GT38.jpg,a308907bb8eb0a94d17564bd94d91e44fa49eab00660e85271409e1d9ddfce65,01f361f8d8efc995078c09c4cd0d8424417c34b5168e38efbfa229c970373ed5,c37b48cbfcf9b19523bb11ec05f650eebbe2945254ebad2c212dba9fbee2cb49
3081,38,3069,30916,11244,video003081_GT38.jpg,fc0109121a64dc867039b76c33d82927a960ab060b6f5869a46d866d9adfa65f,f336e6977f297cfb85ba9a765676ff3b27a0df756f840b8bdc86058952e7e5a8,99c48d62e69910dbbd2e1273aec6a41df8f83c98bc4d65c37b1bae4597fc1851
1874,14,1862,9691,7874,video001874_GT14.jpg,ae71b5faaa75e6019f12de06ea2b2a6570f8ce546d14e1a7ecf309841552ab07,25741db581f9b0b90c009d9ea1e8d3a21c5736aecd7995b49eda6950c6dff8da,c552042e8968d27fbe032399ebc8e4da254f837cfc274420f84397eb44980f6d
2184,14,2172,49991,5076,video002184_GT14.jpg,7921b7bb1e51378e059ce4d3e0f1f6ec903b5dca4e2a1e2de52951ff4e94659b,3d79b44f7fe542aeaac439571b47e74098d8afb5fa87b5a70704a728cccb3f5d,817dfa333f76ff629475e7d6e863051c3363eb080b229206a5bda4ce99cac93c
2189,14,2177,0,5056,video002189_GT14.jpg,d49daac4d9e9c16dd3a1eb50111a270cd85cdd9a325fbc96f0e6e176e096c40d,01f361f8d8efc995078c09c4cd0d8424417c34b5168e38efbfa229c970373ed5,a98d360083d61405d99ddd54db3286c9f5d652d15f703712056acb81cbd80524
2219,14,2207,0,6162,video002219_GT14.jpg,40f369406e0e0c09e0dbc35f9998097cbd0a1fac31f894be204c67cf83a37b5d,01f361f8d8efc995078c09c4cd0d8424417c34b5168e38efbfa229c970373ed5,9d861b6b720c597f675aad316679b39bf7a918b0dfce474bb3e20e8c6e2d57fd
2249,14,2237,0,6156,video002249_GT14.jpg,e90e5264b200846641ba9f9377c2fb4d107634c74f09892572c48a64a2bb955d,01f361f8d8efc995078c09c4cd0d8424417c34b5168e38efbfa229c970373ed5,49727e2fc92aa44581760accf0754e4a74cd7b069fb2a9ee73ba8a1c83b806f8
3645,38,3633,15646,10864,video003645_GT38.jpg,76ce96e3c261800ae3ba76227d1b3d39f2d670e7fdeaf33d04e4081a83b2935f,4af6699c83a5af7677bf5a73cbe93fec1558f02fda2d5d32bb35a8603c1ebbac,f485b01bd66408fabf7fda535680ada420b1af2f8e02822f51740bd09c5e41ca
3650,38,3638,0,0,video003650_GT38.jpg,e8a12a2e801d72ace8a90bb5bca152afc9d06c872641300ee4502961a1b5a36e,01f361f8d8efc995078c09c4cd0d8424417c34b5168e38efbfa229c970373ed5,801859191a8b05e8fd73ca50f2fb99e3ed8979fe329fa0f932aaaddfd9954dbc
3677,38,3665,0,0,video003677_GT38.jpg,5409cbaff0ac36f20a408489568f542a948f8f06e395be0227ca0b13e513cf4b,01f361f8d8efc995078c09c4cd0d8424417c34b5168e38efbfa229c970373ed5,02a1188e6dc537e78c531bc0e76364460225e32250c9bf52f4184138ab6a5d2a
3705,38,3693,0,0,video003705_GT38.jpg,e1050ba2f7c2fac821bb5b2dc1f22d0c59b8cc8a38526815b5ea1c4a4ed59af5,01f361f8d8efc995078c09c4cd0d8424417c34b5168e38efbfa229c970373ed5,4a2ab0086afd41352686dc85589f033559be7a5d6e24d206992abe58627eb676
3710,38,3698,15956,0,video003710_GT38.jpg,7c2394e7615c721a9ad3f99254fdaea402003f1aef84e51453de237fee934d36,c7fa1110c074041be799b4ca071da0eec48109df47af1532d5e0897c97ab3c1c,2c59bcd585cc09956eaf796441674f2bdef9706d641d7d6bff571b2c18eecc8b
2251,75,2239,7706,38636,video002251_GT75.jpg,22360bd51986744db5630a56af8ece581b1ab64721cd8d3b5135588dc484085e,d38212ea8c6ff5b5d729c16f26976188530bd048e412d22e7a4e754a069c7dc6,fb932a10f0aef6c411eb81edc439d53731e10d2a1f59840806e63d3716c6d75e
2256,75,2244,0,13014,video002256_GT75.jpg,fe69075a7d736b8d99c6ca3a001ae3fce46de4df378d3d6aa3d91282060754da,01f361f8d8efc995078c09c4cd0d8424417c34b5168e38efbfa229c970373ed5,2ad143a4aece209877a2649f75bf23e57026893f2f2fbe8e81f3c8ceed1abf89
2282,75,2270,0,0,video002282_GT75.jpg,b08d22a1bf67c8fe5a1fd847f71d85caac8e7a0a391113c40d27a1babfb0c6e3,01f361f8d8efc995078c09c4cd0d8424417c34b5168e38efbfa229c970373ed5,9c2ce40433cf4b3cae225163a763725a9b1a1b6bbffe64b1a755e839649f4edf
2309,75,2297,0,0,video002309_GT75.jpg,4fabf335576e9cc0ac29a37170019b25c81ab51ad613f3037b09b2584dffc443,01f361f8d8efc995078c09c4cd0d8424417c34b5168e38efbfa229c970373ed5,cf0085a40f8187b8578779da0bd0e6f89fa9831828abb37a08c243627f81ad7b
2314,75,2302,36973,35086,video002314_GT75.jpg,f809b264be6e6e466ece9bed0bc089aeedb1cef7c5a2b74fcb4aea00b55a47a1,eb57f924f99217122f88b6d27149f1851bae7b293d821ad358a84ba3199cfee5,82602a2e2de3fa40339a7def6dde0ff3b53c972c1b5446a9ed531c4532bc3c33
2624,75,2612,6853,5184,video002624_GT75.jpg,09114d837e1d6594fc316fb2b72e2dd9e6007aeaa4c7e5a127dd695efd63128b,f91a8c75845b4afbeb9f28828a02ba1a51ccadbc0bff45bf089e6fcf2cb8d2d8,eea028a886a8c7b99cc0eb1345b8745cf7e9e76d98b754b4ded8c20240a26e20
3243,38,3231,31270,7776,video003243_GT38.jpg,f627e3c80d15216e4bc01f6682d09ca7af1f5dcd2d970c99ba14a308c2ff7847,6aa6c3a436d7ef92ce5d39345121b87f01ce9d37ea7413bf4466a595c544d64d,1d8ad44c434ed966d7863c47c502494f821bfc1a322c4f7ec53204b1ffb29b62
3248,38,3236,0,7200,video003248_GT38.jpg,69f40c8954722ee46e32c69fb888d546cc0786f5e21bc7ffadc8766122ba9444,01f361f8d8efc995078c09c4cd0d8424417c34b5168e38efbfa229c970373ed5,f4dbe0888a6e99cbb91fa31a2993ebe63c4132de728b5aa70ae20f4dcd739f5f
3272,38,3260,0,7376,video003272_GT38.jpg,a4f5e9931820a25697cfaa29bffd519471c48b5e00c6a92de137c5bc4e0d4474,01f361f8d8efc995078c09c4cd0d8424417c34b5168e38efbfa229c970373ed5,15963b74f9093310ff2d385138f8194685b6d5cccbca1fa95eaf4a284ee479ca
3296,38,3284,0,0,video003296_GT38.jpg,f35368ea404616dff7f7fb9461944e9f2180de40e8f7f7f3b62da1e5eaddf327,01f361f8d8efc995078c09c4cd0d8424417c34b5168e38efbfa229c970373ed5,53eb1be17b07cf9162a93614b60a759703dc49952d6b9c7e83ffed07f607f1ae
3301,38,3289,144531,138916,video003301_GT38.jpg,e24652f90a5404b9eac1bcc51c59ca628a762835cfbab15c47258ac569b5a72c,2b4e378eef03c62bf8388de37f33b74397a45862145d10deafd0a110f8520008,49d287ee0250e7f858f256fffba917d1fdbb2da8474deddea0b67b04036d55f3
2377,75,2365,12657,10940,video002377_GT75.jpg,950d2eb33df33ab5273abfb1e3ebc57036c7f36384926a7159ee4f7e6d7d0a8a,bd0fdf66f23dcc79de44568f00a7b919ce8c875f27206efcfab23b84d8057550,cd9ad42b1eb0f768126f88696c34dfc374c3ea5371e6155e872e91dab19fd31b
2382,75,2370,0,12464,video002382_GT75.jpg,09b2a30a0aa37c94c20a6972489b9705e12977f05359fbfd622ef622cbbddc0b,01f361f8d8efc995078c09c4cd0d8424417c34b5168e38efbfa229c970373ed5,27e3eeb94f855e2538662bd103d6efe9c77d4cee282c08d6af61f889a39038a9
2405,75,2393,0,0,video002405_GT75.jpg,d7baaa359566f48f081aeb99ba9ec4e2c50b88e24f97209db6073c1a794f2483,01f361f8d8efc995078c09c4cd0d8424417c34b5168e38efbfa229c970373ed5,615ceff2fc7cb85a647c5d879415ed7837beaa1ad7460b99ae25efd320c7d359
2429,75,2417,0,0,video002429_GT75.jpg,529cc4bab4422b02cf2d4e135511297d216a6c9d2fe7e5931e89b135f8e84f63,01f361f8d8efc995078c09c4cd0d8424417c34b5168e38efbfa229c970373ed5,de5e78274e0c3820314d71b0ea1079e67a4380b2abd4c1b05adef3653a1af1a6
2434,75,2422,19045,15092,video002434_GT75.jpg,21d47cd85f0d4250c1693cab5b194053a266e6b8b1e770ca8929ec2644324452,fc6dbc7c786fca55b5849e52fc4489e68baf966ec6a5c6ae57b8eedbdd19d5ea,e8c98cf4432025c70a3d06271897501bda3b5f691e89fd40a9e8979556e87290
2624,38,2612,14297,12584,video002624_GT38.jpg,09114d837e1d6594fc316fb2b72e2dd9e6007aeaa4c7e5a127dd695efd63128b,c96cecdea0a92b7f7e0f8a6e68cee785678635318dc900cdb429bb555ae47ee4,eea028a886a8c7b99cc0eb1345b8745cf7e9e76d98b754b4ded8c20240a26e20
2939,38,2927,13964,13022,video002939_GT38.jpg,fbc8d4070a257d25d22725874177eff804b106d2efe0e62679c470a69828ce6f,c154b145ce0e3d1794f8f7836b52d10075b570df2ee0c1f198149a04f380ee14,f06d41ed71d6351d2a367b3ba539be80d47ad4b3715e7e06edfb23df04372917
2944,38,2932,0,0,video002944_GT38.jpg,e7d47feec1c183e38265409c1a5c15c48a4a37d6379b0ecf1d9f17a06cde8e16,01f361f8d8efc995078c09c4cd0d8424417c34b5168e38efbfa229c970373ed5,297d229ee30973091c5d269c524a1d34692641ad1beb8df55b5556d156abe531
2961,38,2949,0,0,video002961_GT38.jpg,d9b1229f48e16811d75646e136b8ffbd9cd5e60eb721c20b7294366bf16fe396,01f361f8d8efc995078c09c4cd0d8424417c34b5168e38efbfa229c970373ed5,77577860e5381b788ef7a07faff6ab453b163f6b132e5327acde117128141bd0
2979,38,2967,0,0,video002979_GT38.jpg,ee37fcbd00fb7c8d5b5578e56eab1e0710c45526e72ee635cbe629fc0890affd,01f361f8d8efc995078c09c4cd0d8424417c34b5168e38efbfa229c970373ed5,ba8d39773bb9eb45e975aaf3a79354f9a44b6ce57ed7e48fe48863945f2b9bf8
2984,38,2972,57268,60032,video002984_GT38.jpg,2a6c0c957cf06ea9786ac97f3a145b5e96c3bb246867db96c50a823f7a92c28f,71d87f548c7654800fb83eefc1c119cc35d2ec2126b72972183cf2ff16d77d21,43fea5609c5bc5276e2cd1ee7ce2b4fde30cb3292fbcca4b665cdff347d78a63
3283,75,3271,35303,320,video003283_GT75.jpg,226e632d57a154970e771cf2d46eba040f9e7e295142813174b785b1a86d99b8,5277262e0675f8a46b867e5a329f83e9aab2030efa9b28859fa392729d3fb763,6651da40a6cc9298e3785c37122101782e702f84045f42f51f31ad38f62c76dd
3288,75,3276,0,0,video003288_GT75.jpg,b9d866a679fcb2e73c5fbf4dd2e8c20f238ad8b1e87925ab448bed21b2cd632b,01f361f8d8efc995078c09c4cd0d8424417c34b5168e38efbfa229c970373ed5,25ea6f2837fa6815751c6d8dfd1b2f44ab089a6bd67ee86b183584e9a9e263d4
3298,75,3286,0,0,video003298_GT75.jpg,036fbf6302b208b46e9b6ef8c12ec6977317f7f4578688266f7f6f8172d5c018,01f361f8d8efc995078c09c4cd0d8424417c34b5168e38efbfa229c970373ed5,545b6582bc20c61ab497625853448b6f394747496086ee71e0f3d24f086cfc48
3308,75,3296,0,0,video003308_GT75.jpg,66bec5db691be3820733709b5836b041e16cd2f6b8d1a38cee08672a364d67c9,01f361f8d8efc995078c09c4cd0d8424417c34b5168e38efbfa229c970373ed5,f44b8177cb75f8fc28fc5b50631f62697f9cf1be54553c903bc7677445cfc865
3313,75,3301,44201,43476,video003313_GT75.jpg,9e8f90ab91d702562789d5435a53b7c2556a25738bb8120e49c41e20a23d122a,d8a2fae2dff0b4ef3523f654ad99e6a8a2b016d4e58630ddd84535361d448809,c042c9e5fe3df58154677ddc2aac7db126714154a6acee9e264fb483ea29c4c5
3324,75,3312,24326,26084,video003324_GT75.jpg,d8edd5b88f147417650985e069a4a165c6ffe7ad2d469315e6717684cebcf96a,ede89ed03798751e6b0ea8dd1f0d9ba70d324d59385295b2d0ad901ac89f1bab,3696e7b7780c9068bf6f670ada6ff1fc06993455d2a41649790313e570a44da6
915,75,903,53194,46388,video000915_GT75.jpg,fed739700749c73d4f185e722e82e3b267b74a1b69b4859b5db3ede015c6ebf1,d1b26d8808989f157d12da9b4f604f39be6c927a4b0cd3a89471145a01da1e7c,8c204720fcc2df91c672aa0b36e4cdbc52727a4bd9faae95315581236e1cea15
920,75,908,0,63724,video000920_GT75.jpg,dfa2e8e31207a6f5a908c44f38fbd599dff8652a10cebc2838cf42a3917bd510,01f361f8d8efc995078c09c4cd0d8424417c34b5168e38efbfa229c970373ed5,7e13c04f5c5eb44bcd1ed783690807c2734bfd0dc92d6baf1c61c8552c77a87b
929,75,917,0,0,video000929_GT75.jpg,e5543ab3b1a96cf1e7861cb63ffe1073b86e0ebb0e8f36596e1a8624432b520b,01f361f8d8efc995078c09c4cd0d8424417c34b5168e38efbfa229c970373ed5,7731b8603e721d1d63d50a8956a3da5285a1f65cba9d58d4dd86e2da96ac52e7
938,75,926,0,0,video000938_GT75.jpg,6d33c2915d5fac107b3dc4b74189039d680621e183a6c429b09eceee977f6328,01f361f8d8efc995078c09c4cd0d8424417c34b5168e38efbfa229c970373ed5,6cf0e742e6130ccc19149ec91911e97cbcbbd268e605647fbcad3d5ea85238e1
943,75,931,38470,26740,video000943_GT75.jpg,8f4ca3389f1c94015eefb12769b8368c8e0d9d836884f526e946d4ecf320ccfe,972b95e203899c2e32edac97756784ba2372d43cc7327a7f5a8ac42ef9b5038b,3ed3efa7c4af977b145f50fbd7d32867d40559c4c4d6f950483e893b36bfa205
1124,75,1112,9665,8052,video001124_GT75.jpg,d4756cb861c5da2f59a71971a2c0b96a713fd451d7163a1931beaa9168d18172,e67fefa6ef7442e7ea3dfd411648c3eda9e25fefcecf297911752d1b0a74e5cf,3a4274846568e9746cb26534cc61b674a78ce46f7804d4126177119b32062e1c
1874,38,1862,19412,18644,video001874_GT38.jpg,ae71b5faaa75e6019f12de06ea2b2a6570f8ce546d14e1a7ecf309841552ab07,08641f2e2aff2d1e21e22fb70b9d6a13d637b5096743ec23ac4e33640d208258,c552042e8968d27fbe032399ebc8e4da254f837cfc274420f84397eb44980f6d
2095,38,2083,9715,9616,video002095_GT38.jpg,15341a70c11d27a4b2b187bc341111f86e40a8c0f685070004e7b7cc741e41d5,c433f47c92dbcf8a8ed7f25854ee11f74289ff0622ab213ef6e509427ab1fcb5,e813a713ff7a331777c540f0d97e1dc2b6087aa9bcbed88ccc404425e960dcea
2100,38,2088,0,0,video002100_GT38.jpg,93eb3784f0090d9d53ef6e3c3890dfc6c65c58da9a892ffb52d20bdd442be226,01f361f8d8efc995078c09c4cd0d8424417c34b5168e38efbfa229c970373ed5,fd3ea47c98446c668421ff8a79531023a10ec918bfffacb772014646f254019a
2106,38,2094,0,0,video002106_GT38.jpg,9de4d53eaac5e7859046cbe22b1bc5fbe46569464684d0cc8ed5f42f1f3d1358,01f361f8d8efc995078c09c4cd0d8424417c34b5168e38efbfa229c970373ed5,bfa014a2a385238dfd1ac81c46971cafc791b0098d38c9403ddc89a5bbdf5aec
2113,38,2101,0,0,video002113_GT38.jpg,cc3e5afa7bd6fe5139315ab85a45736473c615a1551c923efae20defd1d4f42c,01f361f8d8efc995078c09c4cd0d8424417c34b5168e38efbfa229c970373ed5,a237044fa8f1db6e0e4dd972090ea57be0c0a135c6eb11233caf45e00325fb04
2118,38,2106,20415,6368,video002118_GT38.jpg,62a84fd7afa9519303b8c252b7824e1906ab03f629b1f0f6af8c067b6d0139e0,1c99decd099ffb16742cc3e19d9376675e58752a833441e6bc3ce5b575468db4,0c56a0a75cd3581a77c05392322d0cbc7fd575fceaf45d8c267852833c894bc0
917,113,905,3668,2968,video000917_GT113.jpg,fa4e628daefe628cb19e7766406da1b1f0d8b5ab420bbd67e7da14d2251d9232,3f4c5c93330c924c78ee8ddfbfbbf57d33c31eda432ac50273da7aca29f892e9,bf152f76035c837f86c63aa1584014d3463a6cd37a9bb4455e63072546799f68
922,113,910,0,0,video000922_GT113.jpg,ea1d88be98871008837bdc4280daa0a8f16ecfd40fcca50a396a14a1b52fdc37,01f361f8d8efc995078c09c4cd0d8424417c34b5168e38efbfa229c970373ed5,1c020261f3fce71d9dd029094fe58202c0883b6258324dd1e6e6b7aa910246d6
923,113,911,0,0,video000923_GT113.jpg,0dbb27a4b58e9de519f724b341c6068b9715d2e1da198d6f2da0e34676ef506f,01f361f8d8efc995078c09c4cd0d8424417c34b5168e38efbfa229c970373ed5,cff4837554ba6db7107c1c478d7cfa449930c01cd9546ab0b2b9344aaf1de85c
924,113,912,0,0,video000924_GT113.jpg,0ff84c8a3f360c35b2711ece8a276f14a8d5fa700e0edcbb90b91ab2a540c9d8,01f361f8d8efc995078c09c4cd0d8424417c34b5168e38efbfa229c970373ed5,997be3d83b4c53eb8866da38ecd581cfda5819a58d663ead5f2266d17835649a
929,113,917,3813,2848,video000929_GT113.jpg,e5543ab3b1a96cf1e7861cb63ffe1073b86e0ebb0e8f36596e1a8624432b520b,5f89d59250c4d87661e1f634e520646181bf0662d5b491e9af45241ea0da42aa,7731b8603e721d1d63d50a8956a3da5285a1f65cba9d58d4dd86e2da96ac52e7
1124,113,1112,26409,21084,video001124_GT113.jpg,d4756cb861c5da2f59a71971a2c0b96a713fd451d7163a1931beaa9168d18172,ece5ced958e46d3b32e5557a6de5fc735e485ef6e123945e40a3a46586ddd6f7,3a4274846568e9746cb26534cc61b674a78ce46f7804d4126177119b32062e1c
917,14,905,8685,7028,video000917_GT14.jpg,fa4e628daefe628cb19e7766406da1b1f0d8b5ab420bbd67e7da14d2251d9232,2a26714587498ad34fe68509b60f2e0bcae85194afad55adb7a11b1eec5a51db,bf152f76035c837f86c63aa1584014d3463a6cd37a9bb4455e63072546799f68
922,14,910,0,906,video000922_GT14.jpg,ea1d88be98871008837bdc4280daa0a8f16ecfd40fcca50a396a14a1b52fdc37,01f361f8d8efc995078c09c4cd0d8424417c34b5168e38efbfa229c970373ed5,1c020261f3fce71d9dd029094fe58202c0883b6258324dd1e6e6b7aa910246d6
923,14,911,0,668,video000923_GT14.jpg,0dbb27a4b58e9de519f724b341c6068b9715d2e1da198d6f2da0e34676ef506f,01f361f8d8efc995078c09c4cd0d8424417c34b5168e38efbfa229c970373ed5,cff4837554ba6db7107c1c478d7cfa449930c01cd9546ab0b2b9344aaf1de85c
928,14,916,6628,5004,video000928_GT14.jpg,79a69e2032638e8209ee06185338f2085cd4d5394d8c87d94b534a36887ee793,f178de833ce8324862759800c25818d808d042203adf2bb7120a4a4aad595c55,a35b1d88fd0dc86dc7ff6f708f6dbb47eef9fc3bf71103ac486e187094c77069
1124,14,1112,14376,12414,video001124_GT14.jpg,d4756cb861c5da2f59a71971a2c0b96a713fd451d7163a1931beaa9168d18172,aca960f88cd59034d31b6c582e869c27cad4db370c1a777f3b4e36a8867870d9,3a4274846568e9746cb26534cc61b674a78ce46f7804d4126177119b32062e1c
627,38,615,0,0,video000627_GT38.jpg,78e66225e7afa94344990cf38e06af20d4ec4aff9b0e625b8991402687f573ea,01f361f8d8efc995078c09c4cd0d8424417c34b5168e38efbfa229c970373ed5,ed6fb1080fba8729d96d3d3d9ee0fb5fea2d90d61c160da1495307716b399d03
632,38,620,0,5436,video000632_GT38.jpg,6a1abcc299b9417252402abbe82bdeca5da49f5c404744da33aded5607074f6f,01f361f8d8efc995078c09c4cd0d8424417c34b5168e38efbfa229c970373ed5,d805ffd65f1b93646093baf77e0ab5d9b5c7dc77d28fffb56d144020ded6fce4
637,38,625,11992,6624,video000637_GT38.jpg,5b3b26640ecc42d9dc6f2bc78d2c705b3a66953da7ce3c19fd9d4ee40153ea98,c51630d11ebfc4c093370e87e2755867d0d0afbfcf08adfb70501a71262c8c65,9596be6988e295940ee111c0cdd9592080f3d5358c84aa30b86943a50f61e1a7
2250,113,2238,0,0,video002250_GT113.jpg,213441fcfd3f48a8ec1d0e714d631df52a5aba5b46200ecd1065f9b3dafc5b97,01f361f8d8efc995078c09c4cd0d8424417c34b5168e38efbfa229c970373ed5,e0b2f5aa0e0d1608b9b6721681ae7b6519e8ee0d74ff3499d6d6e4e647b27d62
2255,113,2243,9868,6736,video002255_GT113.jpg,871956f0fe3f8aa8cf8a7a2ae6856ac8225691d6514651dfe414803d537b2cab,f81daedd03f34e7d068f65153582eb5ed2d360a1b02213b22a12461508b9151e,9e5e249a2032f08734266c7eb72877a3fdea54d0f805b4151d9a55fcc535d429
2624,113,2612,2565,1484,video002624_GT113.jpg,09114d837e1d6594fc316fb2b72e2dd9e6007aeaa4c7e5a127dd695efd63128b,fbba6f0afa9f2c522b90326c7e35a5c5e1d17c9353c9323e6d539ca0bd8991dd,eea028a886a8c7b99cc0eb1345b8745cf7e9e76d98b754b4ded8c20240a26e20
3324,14,3312,1867,1600,video003324_GT14.jpg,d8edd5b88f147417650985e069a4a165c6ffe7ad2d469315e6717684cebcf96a,79ffa99c39bd030cc4747b8c73a03756370fe0544445198c9b600b138f2968f8,3696e7b7780c9068bf6f670ada6ff1fc06993455d2a41649790313e570a44da6
3409,14,3397,2835,2890,video003409_GT14.jpg,538163626d22a167e700c191eecd33d43a26646c9e6c60164442ff6ab17acee6,d284fe241a5bb32e62185f5a2a6552cc06fec5ebe8cf0c2c1f0079030ac27094,225e58181471d5905a1f8a411e7fa010c6c247c734fec4c9121baf95483340b8
3414,14,3402,0,174,video003414_GT14.jpg,f094bce94d7d721a7c0ae9ce6583d6a73e3035b8706980cf1182feaaf9621103,01f361f8d8efc995078c09c4cd0d8424417c34b5168e38efbfa229c970373ed5,4b7c06c6590d98180b811e8251920198f828ba4dd0880a27ceb2e915b1e41273
3419,14,3407,2524,2144,video003419_GT14.jpg,9ce00a070ae3b3bd47df385b73008011247b1f313518e0335a5ee6545c05608f,01ee17b1c656f1c25e664509ddc61892e296d21dbe20fa26a67011456037db14,fba6c0cc53f7cdebff8399703f7e79a953e3777d25eed77f72aa629f44f48a9e
