block_id,gt_id,start,end,n,gt_present,errors,error_rate,present_errors,present_error_rate,mean_segmentation_error
0,14,0,24,9,9,0,0.0,0,0.0,0.24359254914831865
0,38,0,24,13,13,13,1.0,13,1.0,1.0
0,75,0,24,8,8,0,0.0,0,0.0,0.25600403446791153
0,113,0,24,11,11,0,0.0,0,0.0,0.11901586261440476
0,14,25,49,24,24,0,0.0,0,0.0,0.1492617922996855
0,38,25,49,22,22,22,1.0,22,1.0,1.0
0,75,25,49,24,24,0,0.0,0,0.0,0.22830183995521644
0,113,25,49,25,25,0,0.0,0,0.0,0.11441590083086624
0,14,50,74,25,25,0,0.0,0,0.0,0.18779471236555031
0,38,50,74,25,25,25,1.0,25,1.0,1.0
0,75,50,74,25,25,0,0.0,0,0.0,0.14776243126212754
0,113,50,74,23,23,0,0.0,0,0.0,0.09155167306378172
0,14,75,99,25,25,0,0.0,0,0.0,0.19086288519190137
0,38,75,99,22,22,22,1.0,22,1.0,1.0
0,75,75,99,25,25,0,0.0,0,0.0,0.11830857480407801
0,113,75,99,24,24,0,0.0,0,0.0,0.1070354192521844
0,14,100,124,22,22,0,0.0,0,0.0,0.18412774306425472
0,38,100,124,21,21,21,1.0,21,1.0,1.0
0,75,100,124,25,25,0,0.0,0,0.0,0.07679392798864923
0,113,100,124,25,25,0,0.0,0,0.0,0.163305101502326
0,14,125,149,18,18,0,0.0,0,0.0,0.16363122038652358
0,38,125,149,20,20,20,1.0,20,1.0,1.0
0,75,125,149,20,20,0,0.0,0,0.0,0.13086338099429368
0,113,125,149,25,25,0,0.0,0,0.0,0.15655936177490776
0,14,150,174,19,19,0,0.0,0,0.0,0.20307661362280546
0,38,150,174,21,21,21,1.0,21,1.0,1.0
0,75,150,174,14,14,1,0.07142857142857142,1,0.07142857142857142,0.19691727128555417
0,113,150,174,25,25,0,0.0,0,0.0,0.18973056079276274
0,14,175,199,17,17,0,0.0,0,0.0,0.2304423123134745
0,38,175,199,25,25,25,1.0,25,1.0,1.0
0,75,175,199,15,15,0,0.0,0,0.0,0.22111119835112894
0,113,175,199,25,25,0,0.0,0,0.0,0.2112826666602863
0,14,200,224,16,16,0,0.0,0,0.0,0.19919074823167682
0,38,200,224,24,24,24,1.0,24,1.0,1.0
0,75,200,224,25,25,0,0.0,0,0.0,0.09941133456778711
0,113,200,224,25,25,0,0.0,0,0.0,0.14717210954805512
0,14,225,249,25,25,0,0.0,0,0.0,0.19610258187983387
0,38,225,249,18,18,18,1.0,18,1.0,1.0
0,75,225,249,25,25,0,0.0,0,0.0,0.15468639756519248
0,113,225,249,25,25,0,0.0,0,0.0,0.10373945479999519
0,14,250,274,25,25,0,0.0,0,0.0,0.24194149050503846
0,38,250,274,15,15,15,1.0,15,1.0,1.0
0,75,250,274,21,20,3,0.14285714285714285,2,0.1,0.23230741863923915
0,113,250,274,23,23,0,0.0,0,0.0,0.15695171419878406
0,14,275,299,25,25,0,0.0,0,0.0,0.3184024138099557
0,38,275,299,21,21,21,1.0,21,1.0,1.0
0,75,275,299,20,20,0,0.0,0,0.0,0.12602676238968588
0,113,275,299,21,21,0,0.0,0,0.0,0.26932218459364343
0,14,300,324,25,25,0,0.0,0,0.0,0.26374576773422703
0,38,300,324,23,23,23,1.0,23,1.0,1.0
0,75,300,324,25,25,0,0.0,0,0.0,0.13019739778751513
0,113,300,324,24,24,0,0.0,0,0.0,0.27179453493531414
0,14,325,349,25,25,0,0.0,0,0.0,0.2549568615633695
0,38,325,349,24,0,1,0.041666666666666664,0,,
0,75,325,349,25,25,0,0.0,0,0.0,0.21248524005675828
0,113,325,349,25,25,0,0.0,0,0.0,0.20256781437833674
0,14,350,374,25,25,0,0.0,0,0.0,0.27806376753508644
0,38,350,374,25,0,0,0.0,0,,
0,75,350,374,25,25,0,0.0,0,0.0,0.21766034466561762
0,113,350,374,25,25,0,0.0,0,0.0,0.1873341495611054
0,14,375,399,25,25,0,0.0,0,0.0,0.27946662515198645
0,38,375,399,25,0,0,0.0,0,,
0,75,375,399,25,25,0,0.0,0,0.0,0.1679466804669124
0,113,375,399,25,25,0,0.0,0,0.0,0.2007895764556428
0,14,400,424,25,25,0,0.0,0,0.0,0.24655062289732924
0,38,400,424,25,3,4,0.16,1,0.3333333333333333,0.34247942126739045
0,75,400,424,20,20,0,0.0,0,0.0,0.11903057446868485
0,113,400,424,25,25,0,0.0,0,0.0,0.1556793773485089
0,14,425,449,24,24,0,0.0,0,0.0,0.2526946875405012
0,38,425,449,17,17,3,0.17647058823529413,3,0.17647058823529413,0.2954809617522808
0,75,425,449,20,20,0,0.0,0,0.0,0.1588931620383139
0,113,425,449,23,23,0,0.0,0,0.0,0.24308496038528138
0,14,450,474,25,25,0,0.0,0,0.0,0.2661882020637373
0,38,450,474,25,25,0,0.0,0,0.0,0.2001161181561636
0,75,450,474,22,20,2,0.09090909090909091,0,0.0,0.19363976404182887
0,113,450,474,25,25,3,0.12,3,0.12,0.18113848664626475
0,14,475,499,25,25,0,0.0,0,0.0,0.3175900563717663
0,38,475,499,25,25,1,0.04,1,0.04,0.3016397540460856
0,75,475,499,23,23,0,0.0,0,0.0,0.18181227241782832
0,113,475,499,23,23,0,0.0,0,0.0,0.24825299074159424
0,14,500,524,24,24,0,0.0,0,0.0,0.2548161064983727
0,38,500,524,25,15,5,0.2,4,0.26666666666666666,0.3835573666878108
0,75,500,524,22,22,0,0.0,0,0.0,0.14008519907907013
0,113,500,524,25,25,0,0.0,0,0.0,0.18755511004181558
0,14,525,549,7,7,0,0.0,0,0.0,0.22201305676613087
0,38,525,549,25,0,0,0.0,0,,
0,75,525,549,18,18,0,0.0,0,0.0,0.17707393138020489
0,113,525,549,25,25,0,0.0,0,0.0,0.13860490930730157
0,14,550,574,24,24,0,0.0,0,0.0,0.2475895346924799
0,38,550,574,25,0,0,0.0,0,,
0,75,550,574,24,24,0,0.0,0,0.0,0.14524738040768947
0,113,550,574,23,23,0,0.0,0,0.0,0.20551772514230116
0,14,575,599,25,25,0,0.0,0,0.0,0.25328694750992964
0,38,575,599,25,0,0,0.0,0,,
0,75,575,599,25,25,0,0.0,0,0.0,0.12894308932969115
0,113,575,599,24,24,0,0.0,0,0.0,0.14558739388157696
0,14,600,624,25,25,0,0.0,0,0.0,0.27074622675727267
0,38,600,624,25,0,0,0.0,0,,
0,75,600,624,24,24,0,0.0,0,0.0,0.13106493022411392
0,113,600,624,22,22,0,0.0,0,0.0,0.14192260788438602
0,14,625,649,24,24,0,0.0,0,0.0,0.27336193831295136
0,38,625,649,24,17,2,0.08333333333333333,1,0.058823529411764705,0.3110995331154935
0,75,625,649,23,23,0,0.0,0,0.0,0.1616433845688933
0,113,625,649,23,23,0,0.0,0,0.0,0.19938684875159346
0,14,650,674,25,25,0,0.0,0,0.0,0.23625545725350525
0,38,650,674,0,0,0,,0,,
0,75,650,674,0,0,0,,0,,
0,113,650,674,22,22,0,0.0,0,0.0,0.17604992455519344
0,14,675,699,12,12,0,0.0,0,0.0,0.25256262876850694
0,38,675,699,18,18,0,0.0,0,0.0,0.14017113848607993
0,75,675,699,19,19,0,0.0,0,0.0,0.1050192168338875
0,113,675,699,15,15,0,0.0,0,0.0,0.1805824271926439
0,14,700,724,15,15,0,0.0,0,0.0,0.22000449177586218
0,38,700,724,23,23,0,0.0,0,0.0,0.14300142083186812
0,75,700,724,25,25,0,0.0,0,0.0,0.08992464578400289
0,113,700,724,10,10,0,0.0,0,0.0,0.15999461176019278
0,14,725,749,23,23,0,0.0,0,0.0,0.21030721360256463
0,38,725,749,25,25,0,0.0,0,0.0,0.08539008332306576
0,75,725,749,25,25,0,0.0,0,0.0,0.106918623148543
0,113,725,749,21,21,0,0.0,0,0.0,0.09156762359518333
1,14,750,774,25,25,0,0.0,0,0.0,0.16660447441225146
1,38,750,774,24,24,0,0.0,0,0.0,0.08860749848020255
1,75,750,774,24,24,24,1.0,24,1.0,0.9988828881384823
1,113,750,774,25,25,0,0.0,0,0.0,0.13373661640596995
1,14,775,799,24,24,0,0.0,0,0.0,0.15174685449023012
1,38,775,799,24,24,0,0.0,0,0.0,0.11751884507171251
1,75,775,799,21,21,21,1.0,21,1.0,0.9871659065381683
1,113,775,799,23,23,0,0.0,0,0.0,0.1550038580374401
1,14,800,824,22,22,0,0.0,0,0.0,0.10013632952099781
1,38,800,824,24,24,0,0.0,0,0.0,0.07932592743112564
1,75,800,824,17,17,17,1.0,17,1.0,0.9974129436403907
1,113,800,824,25,25,0,0.0,0,0.0,0.1524516917037908
1,14,825,849,25,25,0,0.0,0,0.0,0.06661612048962148
1,38,825,849,25,25,0,0.0,0,0.0,0.12109129698215634
1,75,825,849,25,25,25,1.0,25,1.0,1.0
1,113,825,849,25,25,0,0.0,0,0.0,0.11731862413881294
1,14,850,874,25,25,0,0.0,0,0.0,0.12455289977109693
1,38,850,874,20,20,0,0.0,0,0.0,0.08641596773755102
1,75,850,874,25,25,25,1.0,25,1.0,1.0
1,113,850,874,25,25,0,0.0,0,0.0,0.14902940259655836
1,14,875,899,25,25,0,0.0,0,0.0,0.20031890316953976
1,38,875,899,25,25,0,0.0,0,0.0,0.08877205250404074
1,75,875,899,25,25,17,0.68,17,0.68,0.7851717950885009
1,113,875,899,24,24,0,0.0,0,0.0,0.18408297641788604
1,14,900,924,25,22,1,0.04,0,0.0,0.19409055507042963
1,38,900,924,23,23,0,0.0,0,0.0,0.0997698527663828
1,75,900,924,19,19,1,0.05263157894736842,1,0.05263157894736842,0.26806234367786225
1,113,900,924,24,21,0,0.0,0,0.0,0.1409238732598993
1,14,925,949,25,25,0,0.0,0,0.0,0.21573739156670924
1,38,925,949,22,22,0,0.0,0,0.0,0.07579584368171668
1,75,925,949,16,6,2,0.125,0,0.0,0.2389805892897814
1,113,925,949,24,24,0,0.0,0,0.0,0.21646554210137836
1,14,950,974,25,25,0,0.0,0,0.0,0.24122676463114678
1,38,950,974,25,25,0,0.0,0,0.0,0.08972897964975203
1,75,950,974,23,23,0,0.0,0,0.0,0.1655810613280584
1,113,950,974,25,25,0,0.0,0,0.0,0.1969067840799651
1,14,975,999,22,22,0,0.0,0,0.0,0.23928305750937395
1,38,975,999,21,21,0,0.0,0,0.0,0.1064904262976843
1,75,975,999,23,23,0,0.0,0,0.0,0.1343024543739065
1,113,975,999,20,20,0,0.0,0,0.0,0.1949159051884555
1,14,1000,1024,25,25,0,0.0,0,0.0,0.1878530023129393
1,38,1000,1024,24,24,0,0.0,0,0.0,0.11547112708743566
1,75,1000,1024,25,25,0,0.0,0,0.0,0.1178155277120058
1,113,1000,1024,25,25,0,0.0,0,0.0,0.23160314391172424
1,14,1025,1049,25,25,0,0.0,0,0.0,0.21572341260607786
1,38,1025,1049,24,24,0,0.0,0,0.0,0.07261468016791751
1,75,1025,1049,25,25,0,0.0,0,0.0,0.07893686631242908
1,113,1025,1049,25,25,0,0.0,0,0.0,0.16244599668134937
1,14,1050,1074,24,24,4,0.16666666666666666,4,0.16666666666666666,0.37934702446619634
1,38,1050,1074,23,23,0,0.0,0,0.0,0.08528133458401416
1,75,1050,1074,25,25,0,0.0,0,0.0,0.10802338557586286
1,113,1050,1074,25,25,0,0.0,0,0.0,0.0925221798099899
1,14,1075,1099,18,18,3,0.16666666666666666,3,0.16666666666666666,0.34674376547931635
1,38,1075,1099,25,25,0,0.0,0,0.0,0.09074736423058209
1,75,1075,1099,8,7,2,0.25,1,0.14285714285714285,0.2516296431835187
1,113,1075,1099,23,23,0,0.0,0,0.0,0.14716581246541338
1,14,1100,1124,23,23,0,0.0,0,0.0,0.20306648648965295
1,38,1100,1124,23,23,0,0.0,0,0.0,0.11161681002709525
1,75,1100,1124,24,22,2,0.08333333333333333,0,0.0,0.1556346226565223
1,113,1100,1124,22,22,0,0.0,0,0.0,0.19349159297493557
1,14,1125,1149,23,23,0,0.0,0,0.0,0.0916809606712468
1,38,1125,1149,25,25,0,0.0,0,0.0,0.09372520040151422
1,75,1125,1149,25,25,0,0.0,0,0.0,0.12843686353236813
1,113,1125,1149,23,23,0,0.0,0,0.0,0.18331270361524074
1,14,1150,1174,23,23,0,0.0,0,0.0,0.07382311879089823
1,38,1150,1174,23,23,0,0.0,0,0.0,0.13870697771177262
1,75,1150,1174,25,25,0,0.0,0,0.0,0.11006831575969218
1,113,1150,1174,23,23,0,0.0,0,0.0,0.1772425782923851
1,14,1175,1199,24,24,0,0.0,0,0.0,0.09779316326256116
1,38,1175,1199,25,25,0,0.0,0,0.0,0.20834687043715625
1,75,1175,1199,25,25,0,0.0,0,0.0,0.09648759411266809
1,113,1175,1199,25,25,0,0.0,0,0.0,0.14230634042840243
1,14,1200,1224,24,24,0,0.0,0,0.0,0.1775533131050039
1,38,1200,1224,24,24,0,0.0,0,0.0,0.16487545297802886
1,75,1200,1224,23,23,0,0.0,0,0.0,0.09991578097237759
1,113,1200,1224,24,24,0,0.0,0,0.0,0.07121321605041218
1,14,1225,1249,25,25,0,0.0,0,0.0,0.14005267721255815
1,38,1225,1249,25,25,0,0.0,0,0.0,0.14517798141608237
1,75,1225,1249,22,22,0,0.0,0,0.0,0.20983271310445037
1,113,1225,1249,25,25,0,0.0,0,0.0,0.085386009216709
1,14,1250,1274,24,24,0,0.0,0,0.0,0.16448741293709343
1,38,1250,1274,25,25,0,0.0,0,0.0,0.11110987805011426
1,75,1250,1274,23,23,0,0.0,0,0.0,0.165743122934093
1,113,1250,1274,11,11,0,0.0,0,0.0,0.10291733987560785
1,14,1275,1299,24,24,0,0.0,0,0.0,0.10920110633648399
1,38,1275,1299,24,24,0,0.0,0,0.0,0.10595877082630523
1,75,1275,1299,25,25,0,0.0,0,0.0,0.11447593631987035
1,113,1275,1299,24,24,0,0.0,0,0.0,0.17706551692549874
1,14,1300,1324,20,20,0,0.0,0,0.0,0.24610451638669284
1,38,1300,1324,25,25,0,0.0,0,0.0,0.12406266294943274
1,75,1300,1324,25,25,0,0.0,0,0.0,0.10653448827512121
1,113,1300,1324,23,23,0,0.0,0,0.0,0.15744793682935043
1,14,1325,1349,19,19,0,0.0,0,0.0,0.220899592162714
1,38,1325,1349,24,24,0,0.0,0,0.0,0.14935175165502446
1,75,1325,1349,25,25,0,0.0,0,0.0,0.0959646954646056
1,113,1325,1349,13,13,0,0.0,0,0.0,0.0778823572995733
1,14,1350,1374,25,25,0,0.0,0,0.0,0.195496567957682
1,38,1350,1374,25,25,0,0.0,0,0.0,0.0809124439403191
1,75,1350,1374,24,24,0,0.0,0,0.0,0.08226867240878466
1,113,1350,1374,18,18,0,0.0,0,0.0,0.07196110079746593
1,14,1375,1399,25,25,0,0.0,0,0.0,0.19503211852986468
1,38,1375,1399,24,24,0,0.0,0,0.0,0.13539874110002992
1,75,1375,1399,23,23,0,0.0,0,0.0,0.12009060933650743
1,113,1375,1399,25,25,0,0.0,0,0.0,0.0894559637215623
1,14,1400,1424,25,25,0,0.0,0,0.0,0.1993907224932363
1,38,1400,1424,25,25,0,0.0,0,0.0,0.13521315904006576
1,75,1400,1424,19,19,0,0.0,0,0.0,0.1866621390561952
1,113,1400,1424,24,24,0,0.0,0,0.0,0.10438759901271764
1,14,1425,1449,25,25,0,0.0,0,0.0,0.26129592691509157
1,38,1425,1449,25,25,0,0.0,0,0.0,0.18623603223371796
1,75,1425,1449,17,17,0,0.0,0,0.0,0.17012944158653762
1,113,1425,1449,22,22,0,0.0,0,0.0,0.1506214195636838
1,14,1450,1474,25,25,0,0.0,0,0.0,0.1989139346301782
1,38,1450,1474,25,25,0,0.0,0,0.0,0.12191700047269656
1,75,1450,1474,25,25,0,0.0,0,0.0,0.1277892953652932
1,113,1450,1474,25,25,0,0.0,0,0.0,0.1371812245136123
1,14,1475,1499,25,25,0,0.0,0,0.0,0.220309922659251
1,38,1475,1499,24,24,0,0.0,0,0.0,0.07150971982673626
1,75,1475,1499,18,18,0,0.0,0,0.0,0.1494037348090765
1,113,1475,1499,25,25,0,0.0,0,0.0,0.11272225304060228
2,14,1500,1524,21,21,0,0.0,0,0.0,0.26023992285017766
2,38,1500,1524,19,19,0,0.0,0,0.0,0.04603049821207311
2,75,1500,1524,25,25,0,0.0,0,0.0,0.1385532586186962
2,113,1500,1524,25,25,0,0.0,0,0.0,0.19001896650412545
2,14,1525,1549,24,24,0,0.0,0,0.0,0.2718026537190766
2,38,1525,1549,24,24,0,0.0,0,0.0,0.039348522713058796
2,75,1525,1549,25,25,0,0.0,0,0.0,0.21440302965361152
2,113,1525,1549,25,25,0,0.0,0,0.0,0.19283939977386036
2,14,1550,1574,11,11,0,0.0,0,0.0,0.30595054995015636
2,38,1550,1574,19,19,0,0.0,0,0.0,0.04077366211937921
2,75,1550,1574,22,22,0,0.0,0,0.0,0.19671972355346193
2,113,1550,1574,23,23,0,0.0,0,0.0,0.13721772881172764
2,14,1575,1599,25,25,0,0.0,0,0.0,0.25707355014418587
2,38,1575,1599,25,25,0,0.0,0,0.0,0.05040001060949371
2,75,1575,1599,25,25,0,0.0,0,0.0,0.15799449573158145
2,113,1575,1599,25,25,0,0.0,0,0.0,0.15783967494489198
2,14,1600,1624,25,25,0,0.0,0,0.0,0.2955218996519375
2,38,1600,1624,25,25,0,0.0,0,0.0,0.07487473171103552
2,75,1600,1624,25,25,0,0.0,0,0.0,0.11223668476766249
2,113,1600,1624,17,17,0,0.0,0,0.0,0.1533371893285317
2,14,1625,1649,24,24,0,0.0,0,0.0,0.33991849892307063
2,38,1625,1649,25,25,0,0.0,0,0.0,0.08470776794943007
2,75,1625,1649,25,25,0,0.0,0,0.0,0.13627118056006413
2,113,1625,1649,21,21,0,0.0,0,0.0,0.16107855792903664
2,14,1650,1674,24,24,0,0.0,0,0.0,0.2804281890439907
2,38,1650,1674,25,25,0,0.0,0,0.0,0.08144847836477234
2,75,1650,1674,25,25,0,0.0,0,0.0,0.1531132741252944
2,113,1650,1674,22,22,0,0.0,0,0.0,0.14650047778547431
2,14,1675,1699,24,24,0,0.0,0,0.0,0.2581097796657553
2,38,1675,1699,25,25,0,0.0,0,0.0,0.10913586852468012
2,75,1675,1699,25,25,0,0.0,0,0.0,0.08132919476929035
2,113,1675,1699,25,25,0,0.0,0,0.0,0.14250901094168614
2,14,1700,1724,21,21,0,0.0,0,0.0,0.23980459215275587
2,38,1700,1724,25,25,0,0.0,0,0.0,0.09766114763736358
2,75,1700,1724,25,25,0,0.0,0,0.0,0.10216150838669698
2,113,1700,1724,23,23,0,0.0,0,0.0,0.11688890130617828
2,14,1725,1749,22,22,0,0.0,0,0.0,0.21166551218545226
2,38,1725,1749,25,25,0,0.0,0,0.0,0.12075900806288754
2,75,1725,1749,25,25,0,0.0,0,0.0,0.10315853883400788
2,113,1725,1749,19,19,0,0.0,0,0.0,0.20133855065626635
2,14,1750,1774,24,24,0,0.0,0,0.0,0.11683962442015335
2,38,1750,1774,24,24,0,0.0,0,0.0,0.07094042657866438
2,75,1750,1774,25,25,0,0.0,0,0.0,0.07050136047515526
2,113,1750,1774,21,21,0,0.0,0,0.0,0.12728169403862516
2,14,1775,1799,24,24,0,0.0,0,0.0,0.20837021826484672
2,38,1775,1799,25,25,0,0.0,0,0.0,0.09943927444523293
2,75,1775,1799,25,25,0,0.0,0,0.0,0.08826705804886746
2,113,1775,1799,23,23,0,0.0,0,0.0,0.1760707326861686
2,14,1800,1824,25,25,0,0.0,0,0.0,0.21783084236936975
2,38,1800,1824,23,23,0,0.0,0,0.0,0.08661587044523346
2,75,1800,1824,25,25,0,0.0,0,0.0,0.10611139645553636
2,113,1800,1824,10,10,0,0.0,0,0.0,0.1504458061260806
2,14,1825,1849,23,23,0,0.0,0,0.0,0.2417767183590719
2,38,1825,1849,25,25,0,0.0,0,0.0,0.1013312747205035
2,75,1825,1849,21,21,0,0.0,0,0.0,0.16449770455733925
2,113,1825,1849,23,23,0,0.0,0,0.0,0.13348733487211095
2,14,1850,1874,24,24,0,0.0,0,0.0,0.26540465198588953
2,38,1850,1874,24,24,0,0.0,0,0.0,0.06257218497188331
2,75,1850,1874,24,24,0,0.0,0,0.0,0.10546940523282955
2,113,1850,1874,23,23,0,0.0,0,0.0,0.19557857910605453
2,14,1875,1899,24,24,0,0.0,0,0.0,0.22662169224711282
2,38,1875,1899,21,21,0,0.0,0,0.0,0.0876263347942952
2,75,1875,1899,25,25,0,0.0,0,0.0,0.07551873264514045
2,113,1875,1899,25,25,0,0.0,0,0.0,0.18097587981177654
2,14,1900,1924,25,25,0,0.0,0,0.0,0.21790871769769385
2,38,1900,1924,25,25,0,0.0,0,0.0,0.05336226596231675
2,75,1900,1924,25,25,0,0.0,0,0.0,0.07510632953123446
2,113,1900,1924,25,25,0,0.0,0,0.0,0.21133480012349698
2,14,1925,1949,25,25,0,0.0,0,0.0,0.2303101997816992
2,38,1925,1949,24,24,0,0.0,0,0.0,0.05711847018538718
2,75,1925,1949,25,25,0,0.0,0,0.0,0.11644524080508305
2,113,1925,1949,25,25,0,0.0,0,0.0,0.16898861404240176
2,14,1950,1974,24,24,0,0.0,0,0.0,0.23198630319976118
2,38,1950,1974,16,16,0,0.0,0,0.0,0.04400399254341998
2,75,1950,1974,16,16,0,0.0,0,0.0,0.0963950803165132
2,113,1950,1974,25,25,0,0.0,0,0.0,0.08604060278695183
2,14,1975,1999,24,24,0,0.0,0,0.0,0.2270613211912135
2,38,1975,1999,17,17,0,0.0,0,0.0,0.05298292525639156
2,75,1975,1999,25,25,0,0.0,0,0.0,0.10890009088357758
2,113,1975,1999,24,24,0,0.0,0,0.0,0.07972227356252874
2,14,2000,2024,24,24,0,0.0,0,0.0,0.20822332141696842
2,38,2000,2024,24,24,0,0.0,0,0.0,0.10221869779737447
2,75,2000,2024,25,25,0,0.0,0,0.0,0.09672462282819067
2,113,2000,2024,24,24,0,0.0,0,0.0,0.13999316240552298
2,14,2025,2049,25,25,20,0.8,20,0.8,0.8410393880051452
2,38,2025,2049,24,24,0,0.0,0,0.0,0.07771924288476768
2,75,2025,2049,23,23,19,0.8260869565217391,19,0.8260869565217391,0.8507031591849896
2,113,2025,2049,16,16,12,0.75,12,0.75,0.7844017159447847
2,14,2050,2074,25,25,25,1.0,25,1.0,1.0
2,38,2050,2074,23,23,0,0.0,0,0.0,0.09525349793334215
2,75,2050,2074,24,24,24,1.0,24,1.0,1.0
2,113,2050,2074,25,25,25,1.0,25,1.0,1.0
2,14,2075,2099,25,25,25,1.0,25,1.0,1.0
2,38,2075,2099,24,24,0,0.0,0,0.0,0.08665513181833638
2,75,2075,2099,25,25,25,1.0,25,1.0,1.0
2,113,2075,2099,25,25,25,1.0,25,1.0,1.0
2,14,2100,2124,25,25,25,1.0,25,1.0,1.0
2,38,2100,2124,20,2,4,0.2,0,0.0,0.08526852492355502
2,75,2100,2124,25,25,25,1.0,25,1.0,1.0
2,113,2100,2124,25,25,25,1.0,25,1.0,1.0
2,14,2125,2149,25,25,25,1.0,25,1.0,1.0
2,38,2125,2149,25,25,0,0.0,0,0.0,0.0739108223869985
2,75,2125,2149,20,20,20,1.0,20,1.0,1.0
2,113,2125,2149,19,19,19,1.0,19,1.0,1.0
2,14,2150,2174,22,22,22,1.0,22,1.0,0.9963794586503674
2,38,2150,2174,24,24,0,0.0,0,0.0,0.07438479444401179
2,75,2150,2174,24,24,24,1.0,24,1.0,1.0
2,113,2150,2174,21,21,21,1.0,21,1.0,1.0
2,14,2175,2199,22,20,22,1.0,20,1.0,1.0
2,38,2175,2199,25,25,0,0.0,0,0.0,0.06704410643641939
2,75,2175,2199,24,24,24,1.0,24,1.0,1.0
2,113,2175,2199,24,12,24,1.0,12,1.0,1.0
2,14,2200,2224,23,23,23,1.0,23,1.0,1.0
2,38,2200,2224,25,25,0,0.0,0,0.0,0.07769793310156739
2,75,2200,2224,24,24,24,1.0,24,1.0,1.0
2,113,2200,2224,25,0,25,1.0,0,,
2,14,2225,2249,25,25,25,1.0,25,1.0,1.0
2,38,2225,2249,24,24,0,0.0,0,0.0,0.09410534280203542
2,75,2225,2249,21,21,21,1.0,21,1.0,1.0
2,113,2225,2249,25,0,25,1.0,0,,
3,14,2250,2274,25,25,0,0.0,0,0.0,0.16986737481951267
3,38,2250,2274,23,23,0,0.0,0,0.0,0.07556277569066584
3,75,2250,2274,24,9,8,0.3333333333333333,8,0.8888888888888888,0.9425724553894388
3,113,2250,2274,20,18,3,0.15,2,0.1111111111111111,0.3137515967178325
3,14,2275,2299,25,25,0,0.0,0,0.0,0.16101175145263596
3,38,2275,2299,22,22,0,0.0,0,0.0,0.09628138107040228
3,75,2275,2299,25,0,0,0.0,0,,
3,113,2275,2299,19,19,0,0.0,0,0.0,0.2487359481832776
3,14,2300,2324,23,23,0,0.0,0,0.0,0.2175453876748101
3,38,2300,2324,18,18,0,0.0,0,0.0,0.10665127672009495
3,75,2300,2324,25,15,0,0.0,0,0.0,0.05470647593392171
3,113,2300,2324,13,13,0,0.0,0,0.0,0.31349545219827785
3,14,2325,2349,23,19,18,0.782608695652174,14,0.7368421052631579,0.5763321888395868
3,38,2325,2349,21,21,0,0.0,0,0.0,0.12764406645217435
3,75,2325,2349,22,22,0,0.0,0,0.0,0.0956724496479743
3,113,2325,2349,25,25,0,0.0,0,0.0,0.32884139530327167
3,14,2350,2374,25,0,25,1.0,0,,
3,38,2350,2374,16,16,0,0.0,0,0.0,0.10087883796242102
3,75,2350,2374,21,21,0,0.0,0,0.0,0.1809992001088077
3,113,2350,2374,20,20,0,0.0,0,0.0,0.3376032361559429
3,14,2375,2399,25,4,21,0.84,0,0.0,0.1872141895902039
3,38,2375,2399,22,22,0,0.0,0,0.0,0.06940757598722613
3,75,2375,2399,20,11,7,0.35,7,0.6363636363636364,0.677065030985665
3,113,2375,2399,18,18,0,0.0,0,0.0,0.32124582566093135
3,14,2400,2424,25,14,11,0.44,0,0.0,0.19165398783757404
3,38,2400,2424,25,25,0,0.0,0,0.0,0.12318773204121097
3,75,2400,2424,25,0,0,0.0,0,,
3,113,2400,2424,25,25,0,0.0,0,0.0,0.24827071933125533
3,14,2425,2449,25,0,25,1.0,0,,
3,38,2425,2449,24,24,0,0.0,0,0.0,0.14356937281604046
3,75,2425,2449,18,12,2,0.1111111111111111,1,0.08333333333333333,0.2705300594601318
3,113,2425,2449,25,25,0,0.0,0,0.0,0.3051213326982183
3,14,2450,2474,25,0,25,1.0,0,,
3,38,2450,2474,22,22,0,0.0,0,0.0,0.1236851801996503
3,75,2450,2474,24,24,0,0.0,0,0.0,0.26347988600500194
3,113,2450,2474,25,25,0,0.0,0,0.0,0.33534209526408515
3,14,2475,2499,25,0,25,1.0,0,,
3,38,2475,2499,25,25,0,0.0,0,0.0,0.1300616432248813
3,75,2475,2499,25,25,0,0.0,0,0.0,0.17050587035433068
3,113,2475,2499,25,25,0,0.0,0,0.0,0.3720969951480006
3,14,2500,2524,25,0,25,1.0,0,,
3,38,2500,2524,24,24,0,0.0,0,0.0,0.14703082197598297
3,75,2500,2524,25,25,0,0.0,0,0.0,0.1894404313368864
3,113,2500,2524,25,25,0,0.0,0,0.0,0.35293216929212895
3,14,2525,2549,25,2,25,1.0,2,1.0,1.0
3,38,2525,2549,21,21,0,0.0,0,0.0,0.07959829426030181
3,75,2525,2549,24,24,0,0.0,0,0.0,0.25467836066869576
3,113,2525,2549,25,25,0,0.0,0,0.0,0.28324323521712685
3,14,2550,2574,25,0,25,1.0,0,,
3,38,2550,2574,25,25,0,0.0,0,0.0,0.08525033157699653
3,75,2550,2574,23,23,0,0.0,0,0.0,0.3067557308326052
3,113,2550,2574,25,25,0,0.0,0,0.0,0.3375610258223814
3,14,2575,2599,25,0,25,1.0,0,,
3,38,2575,2599,25,25,0,0.0,0,0.0,0.07912390744128771
3,75,2575,2599,25,25,0,0.0,0,0.0,0.3158406687854249
3,113,2575,2599,25,25,0,0.0,0,0.0,0.2745471393627293
3,14,2600,2624,24,10,14,0.5833333333333334,0,0.0,0.1337048081474315
3,38,2600,2624,24,24,0,0.0,0,0.0,0.1011536728787749
3,75,2600,2624,21,21,0,0.0,0,0.0,0.25268284892508897
3,113,2600,2624,24,24,0,0.0,0,0.0,0.2713774537430613
3,14,2625,2649,25,25,0,0.0,0,0.0,0.11795279856429298
3,38,2625,2649,25,25,0,0.0,0,0.0,0.12359283442774573
3,75,2625,2649,17,17,0,0.0,0,0.0,0.21161893188145453
3,113,2625,2649,25,25,0,0.0,0,0.0,0.2912468392244328
3,14,2650,2674,25,25,0,0.0,0,0.0,0.09960632940901175
3,38,2650,2674,25,25,0,0.0,0,0.0,0.14343905812675697
3,75,2650,2674,22,22,0,0.0,0,0.0,0.2057576862170394
3,113,2650,2674,25,25,0,0.0,0,0.0,0.2621063158263135
3,14,2675,2699,25,25,0,0.0,0,0.0,0.09942601118919145
3,38,2675,2699,24,24,0,0.0,0,0.0,0.1408727970271096
3,75,2675,2699,25,25,0,0.0,0,0.0,0.21047619683882682
3,113,2675,2699,25,25,0,0.0,0,0.0,0.2640225656567063
3,14,2700,2724,25,25,0,0.0,0,0.0,0.10156698689713149
3,38,2700,2724,25,25,0,0.0,0,0.0,0.12342468938390912
3,75,2700,2724,25,25,0,0.0,0,0.0,0.21331789096420262
3,113,2700,2724,25,25,0,0.0,0,0.0,0.268936400138126
3,14,2725,2749,25,25,0,0.0,0,0.0,0.11679828435774646
3,38,2725,2749,25,25,0,0.0,0,0.0,0.09052288054380667
3,75,2725,2749,25,25,0,0.0,0,0.0,0.21196274260185383
3,113,2725,2749,25,25,0,0.0,0,0.0,0.2687769924662732
3,14,2750,2774,25,25,0,0.0,0,0.0,0.14656084351698778
3,38,2750,2774,25,25,0,0.0,0,0.0,0.1125702537894257
3,75,2750,2774,25,25,0,0.0,0,0.0,0.20970166552165154
3,113,2750,2774,24,24,0,0.0,0,0.0,0.2603696729793368
3,14,2775,2799,24,24,0,0.0,0,0.0,0.2000664594657864
3,38,2775,2799,24,24,0,0.0,0,0.0,0.12571487156532893
3,75,2775,2799,25,25,0,0.0,0,0.0,0.21780165460070117
3,113,2775,2799,25,25,0,0.0,0,0.0,0.29459261354937216
3,14,2800,2824,25,12,13,0.52,0,0.0,0.2986572857055334
3,38,2800,2824,23,23,0,0.0,0,0.0,0.16745172944377243
3,75,2800,2824,25,25,0,0.0,0,0.0,0.20649750013662224
3,113,2800,2824,25,25,0,0.0,0,0.0,0.23988746225015645
3,14,2825,2849,25,0,25,1.0,0,,
3,38,2825,2849,23,23,0,0.0,0,0.0,0.15128543526059937
3,75,2825,2849,25,25,0,0.0,0,0.0,0.17192145891525737
3,113,2825,2849,25,25,0,0.0,0,0.0,0.24120174379182785
3,14,2850,2874,25,0,25,1.0,0,,
3,38,2850,2874,24,24,0,0.0,0,0.0,0.13494311557060246
3,75,2850,2874,23,23,0,0.0,0,0.0,0.09388725885159264
3,113,2850,2874,25,25,0,0.0,0,0.0,0.18960193031711747
3,14,2875,2899,25,0,25,1.0,0,,
3,38,2875,2899,24,24,0,0.0,0,0.0,0.10190817996058928
3,75,2875,2899,23,23,0,0.0,0,0.0,0.05014509435779631
3,113,2875,2899,25,25,0,0.0,0,0.0,0.13247513881677936
3,14,2900,2924,23,14,9,0.391304347826087,0,0.0,0.14735249669251216
3,38,2900,2924,24,24,0,0.0,0,0.0,0.06346673133780412
3,75,2900,2924,18,18,0,0.0,0,0.0,0.15136537638766662
3,113,2900,2924,25,25,0,0.0,0,0.0,0.13119278362156211
3,14,2925,2949,24,24,0,0.0,0,0.0,0.10478608359406656
3,38,2925,2949,14,8,0,0.0,0,0.0,0.07435579715410948
3,75,2925,2949,25,25,0,0.0,0,0.0,0.1148395063487907
3,113,2925,2949,25,25,0,0.0,0,0.0,0.1201806391069237
3,14,2950,2974,25,25,0,0.0,0,0.0,0.1401939960200459
3,38,2950,2974,25,0,0,0.0,0,,
3,75,2950,2974,25,25,0,0.0,0,0.0,0.11067942647859731
3,113,2950,2974,25,25,0,0.0,0,0.0,0.1273574701802997
3,14,2975,2999,19,18,2,0.10526315789473684,1,0.05555555555555555,0.2005957273174413
3,38,2975,2999,23,18,0,0.0,0,0.0,0.13900156358025068
3,75,2975,2999,25,25,0,0.0,0,0.0,0.14022116406797033
3,113,2975,2999,25,25,0,0.0,0,0.0,0.12412471955448712
4,14,3000,3024,25,16,9,0.36,0,0.0,0.17793437466313347
4,38,3000,3024,21,21,21,1.0,21,1.0,1.0
4,75,3000,3024,25,11,25,1.0,11,1.0,0.999767559625107
4,113,3000,3024,25,25,0,0.0,0,0.0,0.13106417607944643
4,14,3025,3049,24,24,0,0.0,0,0.0,0.12939729677668446
4,38,3025,3049,25,25,25,1.0,25,1.0,1.0
4,75,3025,3049,25,0,25,1.0,0,,
4,113,3025,3049,25,25,0,0.0,0,0.0,0.11130721839882068
4,14,3050,3074,25,25,0,0.0,0,0.0,0.07306014298932687
4,38,3050,3074,25,25,25,1.0,25,1.0,1.0
4,75,3050,3074,25,0,25,1.0,0,,
4,113,3050,3074,25,25,0,0.0,0,0.0,0.06702176984659002
4,14,3075,3099,25,25,0,0.0,0,0.0,0.08799305428477322
4,38,3075,3099,24,24,24,1.0,24,1.0,1.0
4,75,3075,3099,18,14,18,1.0,14,1.0,1.0
4,113,3075,3099,25,25,0,0.0,0,0.0,0.08124306209343456
4,14,3100,3124,25,25,0,0.0,0,0.0,0.1791045478326669
4,38,3100,3124,25,25,25,1.0,25,1.0,1.0
4,75,3100,3124,25,25,25,1.0,25,1.0,1.0
4,113,3100,3124,25,25,0,0.0,0,0.0,0.06693139209750491
4,14,3125,3149,25,25,0,0.0,0,0.0,0.323229882628275
4,38,3125,3149,25,25,25,1.0,25,1.0,1.0
4,75,3125,3149,25,25,25,1.0,25,1.0,1.0
4,113,3125,3149,25,25,0,0.0,0,0.0,0.06781717991605044
4,14,3150,3174,25,25,0,0.0,0,0.0,0.46725045874651755
4,38,3150,3174,23,23,23,1.0,23,1.0,1.0
4,75,3150,3174,25,25,25,1.0,25,1.0,1.0
4,113,3150,3174,25,25,0,0.0,0,0.0,0.11564540902554056
4,14,3175,3199,25,25,15,0.6,15,0.6,0.5087453074258963
4,38,3175,3199,25,25,25,1.0,25,1.0,1.0
4,75,3175,3199,25,25,25,1.0,25,1.0,1.0
4,113,3175,3199,25,25,0,0.0,0,0.0,0.09859831397663217
4,14,3200,3224,25,25,25,1.0,25,1.0,0.527165154748528
4,38,3200,3224,25,25,25,1.0,25,1.0,1.0
4,75,3200,3224,25,25,25,1.0,25,1.0,1.0
4,113,3200,3224,25,25,0,0.0,0,0.0,0.09147247945665127
4,14,3225,3249,25,25,21,0.84,21,0.84,0.5138831594622499
4,38,3225,3249,20,20,20,1.0,20,1.0,1.0
4,75,3225,3249,23,21,23,1.0,21,1.0,1.0
4,113,3225,3249,25,25,0,0.0,0,0.0,0.07400353706365177
4,14,3250,3274,25,25,14,0.56,14,0.56,0.5057822086642677
4,38,3250,3274,21,21,21,1.0,21,1.0,1.0
4,75,3250,3274,25,0,25,1.0,0,,
4,113,3250,3274,21,21,0,0.0,0,0.0,0.13659413934311834
4,14,3275,3299,25,13,24,0.96,12,0.9230769230769231,0.5058737248790623
4,38,3275,3299,24,13,15,0.625,13,1.0,1.0
4,75,3275,3299,21,0,9,0.42857142857142855,0,,
4,113,3275,3299,25,25,0,0.0,0,0.0,0.16366165638321306
4,14,3300,3324,24,19,5,0.20833333333333334,0,0.0,0.10550457489760093
4,38,3300,3324,19,19,0,0.0,0,0.0,0.08690824944182586
4,75,3300,3324,22,13,0,0.0,0,0.0,0.09320441842260381
4,113,3300,3324,24,24,0,0.0,0,0.0,0.16116206346406778
4,14,3325,3349,25,25,0,0.0,0,0.0,0.10893407935817034
4,38,3325,3349,22,10,4,0.18181818181818182,4,0.4,0.45008938125284725
4,75,3325,3349,24,24,0,0.0,0,0.0,0.06088940729778471
4,113,3325,3349,24,24,0,0.0,0,0.0,0.15375661410295255
4,14,3350,3374,25,25,0,0.0,0,0.0,0.10702704865529988
4,38,3350,3374,25,0,0,0.0,0,,
4,75,3350,3374,25,25,0,0.0,0,0.0,0.08384704650213637
4,113,3350,3374,25,25,0,0.0,0,0.0,0.16532887857695466
4,14,3375,3399,25,25,0,0.0,0,0.0,0.09008522502031256
4,38,3375,3399,25,0,0,0.0,0,,
4,75,3375,3399,24,24,0,0.0,0,0.0,0.1252600357002469
4,113,3375,3399,25,25,0,0.0,0,0.0,0.15479665462223657
4,14,3400,3424,25,23,1,0.04,0,0.0,0.13634363229833268
4,38,3400,3424,21,9,0,0.0,0,0.0,0.18483774762542315
4,75,3400,3424,24,24,0,0.0,0,0.0,0.18608886898309804
4,113,3400,3424,25,22,3,0.12,0,0.0,0.17270727345903494
4,14,3425,3449,23,23,0,0.0,0,0.0,0.14869637536475397
4,38,3425,3449,25,25,0,0.0,0,0.0,0.18530294296433086
4,75,3425,3449,25,25,0,0.0,0,0.0,0.1520734503954498
4,113,3425,3449,23,23,0,0.0,0,0.0,0.21227059056470418
4,14,3450,3474,23,23,0,0.0,0,0.0,0.16790101676396377
4,38,3450,3474,24,24,0,0.0,0,0.0,0.21554638946158575
4,75,3450,3474,21,21,0,0.0,0,0.0,0.11496426164640917
4,113,3450,3474,24,24,0,0.0,0,0.0,0.2785690675708532
4,14,3475,3499,22,22,0,0.0,0,0.0,0.15480000652814396
4,38,3475,3499,24,24,0,0.0,0,0.0,0.23417206410341385
4,75,3475,3499,19,19,0,0.0,0,0.0,0.0484137072769125
4,113,3475,3499,21,21,0,0.0,0,0.0,0.2513058116424635
4,14,3500,3524,23,23,0,0.0,0,0.0,0.12364373689928254
4,38,3500,3524,17,17,0,0.0,0,0.0,0.23674141966871592
4,75,3500,3524,22,22,0,0.0,0,0.0,0.07955385659967931
4,113,3500,3524,25,25,0,0.0,0,0.0,0.17609048509312816
4,14,3525,3549,25,25,0,0.0,0,0.0,0.10037829792405643
4,38,3525,3549,24,24,0,0.0,0,0.0,0.21981095844451767
4,75,3525,3549,25,25,0,0.0,0,0.0,0.09032082695191936
4,113,3525,3549,25,25,0,0.0,0,0.0,0.1641043684090151
4,14,3550,3574,25,25,0,0.0,0,0.0,0.10158584330384278
4,38,3550,3574,25,25,0,0.0,0,0.0,0.2033190156951471
4,75,3550,3574,25,25,0,0.0,0,0.0,0.11629984163781149
4,113,3550,3574,25,25,0,0.0,0,0.0,0.14654749937170877
4,14,3575,3599,25,25,0,0.0,0,0.0,0.09384465693583255
4,38,3575,3599,15,15,0,0.0,0,0.0,0.19700898196735853
4,75,3575,3599,25,25,0,0.0,0,0.0,0.08230214517243573
4,113,3575,3599,23,23,0,0.0,0,0.0,0.08139874564907093
4,14,3600,3624,25,25,0,0.0,0,0.0,0.13665962115398395
4,38,3600,3624,25,25,0,0.0,0,0.0,0.17382296464964664
4,75,3600,3624,25,25,0,0.0,0,0.0,0.16713476597277424
4,113,3600,3624,24,24,0,0.0,0,0.0,0.200969213025014
4,14,3625,3649,25,25,0,0.0,0,0.0,0.11897196724645126
4,38,3625,3649,21,21,0,0.0,0,0.0,0.1960661243095473
4,75,3625,3649,24,24,0,0.0,0,0.0,0.1370901053382765
4,113,3625,3649,25,25,0,0.0,0,0.0,0.24217038638432997
4,14,3650,3674,25,25,0,0.0,0,0.0,0.1110249191253066
4,38,3650,3674,25,0,0,0.0,0,,
4,75,3650,3674,24,24,0,0.0,0,0.0,0.16890395955872797
4,113,3650,3674,25,25,0,0.0,0,0.0,0.26354502040864575
4,14,3675,3699,25,25,0,0.0,0,0.0,0.15112016510241025
4,38,3675,3699,25,0,0,0.0,0,,
4,75,3675,3699,25,25,0,0.0,0,0.0,0.1282951032619852
4,113,3675,3699,25,25,0,0.0,0,0.0,0.2540913085270289
4,14,3700,3724,25,25,0,0.0,0,0.0,0.16434522553729583
4,38,3700,3724,25,0,19,0.76,0,,
4,75,3700,3724,25,25,13,0.52,13,0.52,0.44181826816182945
4,113,3700,3724,25,25,0,0.0,0,0.0,0.15392197138250155
4,14,3725,3749,24,24,0,0.0,0,0.0,0.14836070368987495
4,38,3725,3749,18,18,18,1.0,18,1.0,1.0
4,75,3725,3749,23,23,4,0.17391304347826086,4,0.17391304347826086,0.20113024802465015
4,113,3725,3749,25,25,0,0.0,0,0.0,0.13683176676764006
5,14,3750,3774,25,25,0,0.0,0,0.0,0.1407937214939593
5,38,3750,3774,25,25,0,0.0,0,0.0,0.21016657783071926
5,75,3750,3774,25,25,0,0.0,0,0.0,0.09283405612191713
5,113,3750,3774,25,25,0,0.0,0,0.0,0.1865509558725129
5,14,3775,3799,24,24,0,0.0,0,0.0,0.15042013943469168
5,38,3775,3799,23,23,0,0.0,0,0.0,0.27553871701791693
5,75,3775,3799,21,21,0,0.0,0,0.0,0.12620519992950388
5,113,3775,3799,24,24,0,0.0,0,0.0,0.19034656030777442
5,14,3800,3813,14,14,0,0.0,0,0.0,0.1271420698602869
5,38,3800,3813,14,14,0,0.0,0,0.0,0.2652993217631108
5,75,3800,3813,14,14,0,0.0,0,0.0,0.1121700201063833
5,113,3800,3813,14,14,0,0.0,0,0.0,0.14880921794883004
