video_frame,gt_id,block,direction,gt_frame,gt_area,category,tiny_gt_region
0,38,0,earlier,0,23996,gt_present_candidate_tracking_loss,False
1,38,0,earlier,1,24900,gt_present_candidate_tracking_loss,False
2,38,0,earlier,2,24748,gt_present_candidate_tracking_loss,False
3,38,0,earlier,,,gt_unavailable,False
4,38,0,earlier,,,gt_unavailable,False
5,38,0,earlier,,,gt_unavailable,False
6,38,0,earlier,,,gt_unavailable,False
7,38,0,earlier,,,gt_unavailable,False
8,38,0,earlier,,,gt_unavailable,False
9,38,0,earlier,,,gt_unavailable,False
10,38,0,earlier,,,gt_unavailable,False
11,38,0,earlier,,,gt_unavailable,False
12,38,0,earlier,,,gt_unavailable,False
13,38,0,earlier,,,gt_unavailable,False
14,38,0,earlier,,,gt_unavailable,False
15,38,0,earlier,3,24560,gt_present_candidate_tracking_loss,False
16,38,0,earlier,4,23248,gt_present_candidate_tracking_loss,False
17,38,0,earlier,5,23388,gt_present_candidate_tracking_loss,False
18,38,0,earlier,6,23608,gt_present_candidate_tracking_loss,False
19,38,0,earlier,7,24388,gt_present_candidate_tracking_loss,False
20,38,0,earlier,8,24812,gt_present_candidate_tracking_loss,False
21,38,0,earlier,9,24860,gt_present_candidate_tracking_loss,False
22,38,0,earlier,10,24920,gt_present_candidate_tracking_loss,False
23,38,0,earlier,11,24928,gt_present_candidate_tracking_loss,False
24,38,0,earlier,12,24984,gt_present_candidate_tracking_loss,False
25,38,0,earlier,13,25016,gt_present_candidate_tracking_loss,False
26,38,0,earlier,14,25144,gt_present_candidate_tracking_loss,False
27,38,0,earlier,15,24984,gt_present_candidate_tracking_loss,False
28,38,0,earlier,16,25248,gt_present_candidate_tracking_loss,False
29,38,0,earlier,17,26164,gt_present_candidate_tracking_loss,False
30,38,0,earlier,18,25500,gt_present_candidate_tracking_loss,False
31,38,0,earlier,19,25596,gt_present_candidate_tracking_loss,False
32,38,0,earlier,20,25740,gt_present_candidate_tracking_loss,False
33,38,0,earlier,21,26156,gt_present_candidate_tracking_loss,False
34,38,0,earlier,22,26280,gt_present_candidate_tracking_loss,False
35,38,0,earlier,23,26556,gt_present_candidate_tracking_loss,False
36,38,0,earlier,24,26672,gt_present_candidate_tracking_loss,False
37,38,0,earlier,25,26772,gt_present_candidate_tracking_loss,False
38,38,0,earlier,26,25672,gt_present_candidate_tracking_loss,False
39,38,0,earlier,27,25304,gt_present_candidate_tracking_loss,False
40,38,0,earlier,28,24392,gt_present_candidate_tracking_loss,False
41,38,0,earlier,29,23824,gt_present_candidate_tracking_loss,False
42,38,0,earlier,30,22924,gt_present_candidate_tracking_loss,False
43,38,0,earlier,31,22484,gt_present_candidate_tracking_loss,False
44,38,0,earlier,32,23076,gt_present_candidate_tracking_loss,False
45,38,0,earlier,33,22804,gt_present_candidate_tracking_loss,False
46,38,0,earlier,34,23188,gt_present_candidate_tracking_loss,False
47,38,0,earlier,35,23296,gt_present_candidate_tracking_loss,False
48,38,0,earlier,36,23224,gt_present_candidate_tracking_loss,False
49,38,0,earlier,37,23168,gt_present_candidate_tracking_loss,False
50,38,0,earlier,38,23532,gt_present_candidate_tracking_loss,False
51,38,0,earlier,39,23976,gt_present_candidate_tracking_loss,False
52,38,0,earlier,40,24060,gt_present_candidate_tracking_loss,False
53,38,0,earlier,41,25104,gt_present_candidate_tracking_loss,False
54,38,0,earlier,42,24608,gt_present_candidate_tracking_loss,False
55,38,0,earlier,43,25496,gt_present_candidate_tracking_loss,False
56,38,0,earlier,44,25004,gt_present_candidate_tracking_loss,False
57,38,0,earlier,45,25004,gt_present_candidate_tracking_loss,False
58,38,0,earlier,46,24324,gt_present_candidate_tracking_loss,False
59,38,0,earlier,47,24092,gt_present_candidate_tracking_loss,False
60,38,0,earlier,48,24452,gt_present_candidate_tracking_loss,False
61,38,0,earlier,49,23596,gt_present_candidate_tracking_loss,False
62,38,0,earlier,50,22952,gt_present_candidate_tracking_loss,False
63,38,0,earlier,51,22056,gt_present_candidate_tracking_loss,False
64,38,0,earlier,52,21276,gt_present_candidate_tracking_loss,False
65,38,0,earlier,53,20672,gt_present_candidate_tracking_loss,False
66,38,0,earlier,54,20972,gt_present_candidate_tracking_loss,False
67,38,0,earlier,55,21040,gt_present_candidate_tracking_loss,False
68,38,0,earlier,56,20632,gt_present_candidate_tracking_loss,False
69,38,0,earlier,57,20036,gt_present_candidate_tracking_loss,False
70,38,0,earlier,58,19076,gt_present_candidate_tracking_loss,False
71,38,0,earlier,59,18236,gt_present_candidate_tracking_loss,False
72,38,0,earlier,60,16620,gt_present_candidate_tracking_loss,False
73,38,0,earlier,61,17168,gt_present_candidate_tracking_loss,False
74,38,0,earlier,62,16128,gt_present_candidate_tracking_loss,False
75,38,0,earlier,63,14988,gt_present_candidate_tracking_loss,False
76,38,0,earlier,64,14480,gt_present_candidate_tracking_loss,False
77,38,0,earlier,65,14828,gt_present_candidate_tracking_loss,False
78,38,0,earlier,66,13992,gt_present_candidate_tracking_loss,False
79,38,0,earlier,67,13276,gt_present_candidate_tracking_loss,False
80,38,0,earlier,68,12564,gt_present_candidate_tracking_loss,False
81,38,0,earlier,69,12460,gt_present_candidate_tracking_loss,False
82,38,0,earlier,70,13080,gt_present_candidate_tracking_loss,False
83,38,0,earlier,71,13300,gt_present_candidate_tracking_loss,False
84,38,0,earlier,72,12956,gt_present_candidate_tracking_loss,False
85,38,0,earlier,73,12080,gt_present_candidate_tracking_loss,False
86,38,0,earlier,74,11760,gt_present_candidate_tracking_loss,False
87,38,0,earlier,75,11764,gt_present_candidate_tracking_loss,False
88,38,0,earlier,76,11504,gt_present_candidate_tracking_loss,False
89,38,0,earlier,77,11416,gt_present_candidate_tracking_loss,False
90,38,0,earlier,78,10928,gt_present_candidate_tracking_loss,False
91,38,0,earlier,79,10956,gt_present_candidate_tracking_loss,False
92,38,0,earlier,80,10868,gt_present_candidate_tracking_loss,False
93,38,0,earlier,81,10324,gt_present_candidate_tracking_loss,False
94,38,0,earlier,82,9932,gt_present_candidate_tracking_loss,False
95,38,0,earlier,83,9940,gt_present_candidate_tracking_loss,False
96,38,0,earlier,84,10484,gt_present_candidate_tracking_loss,False
97,38,0,earlier,85,10772,gt_present_candidate_tracking_loss,False
98,38,0,earlier,86,10816,gt_present_candidate_tracking_loss,False
99,38,0,earlier,87,10916,gt_present_candidate_tracking_loss,False
100,38,0,earlier,88,10904,gt_present_candidate_tracking_loss,False
101,38,0,earlier,89,10208,gt_present_candidate_tracking_loss,False
102,38,0,earlier,90,9652,gt_present_candidate_tracking_loss,False
103,38,0,earlier,91,8964,gt_present_candidate_tracking_loss,False
104,38,0,earlier,92,8736,gt_present_candidate_tracking_loss,False
105,38,0,earlier,93,8752,gt_present_candidate_tracking_loss,False
106,38,0,earlier,94,9112,gt_present_candidate_tracking_loss,False
107,38,0,earlier,95,9304,gt_present_candidate_tracking_loss,False
108,38,0,earlier,96,8644,gt_present_candidate_tracking_loss,False
109,38,0,earlier,97,8488,gt_present_candidate_tracking_loss,False
110,38,0,earlier,98,8608,gt_present_candidate_tracking_loss,False
111,38,0,earlier,99,10096,gt_present_candidate_tracking_loss,False
112,38,0,earlier,100,10488,gt_present_candidate_tracking_loss,False
113,38,0,earlier,101,9120,gt_present_candidate_tracking_loss,False
114,38,0,earlier,102,9268,gt_present_candidate_tracking_loss,False
115,38,0,earlier,103,10000,gt_present_candidate_tracking_loss,False
116,38,0,earlier,104,9588,gt_present_candidate_tracking_loss,False
117,38,0,earlier,105,10024,gt_present_candidate_tracking_loss,False
118,38,0,earlier,106,10624,gt_present_candidate_tracking_loss,False
119,38,0,earlier,107,11116,gt_present_candidate_tracking_loss,False
120,38,0,earlier,108,11000,gt_present_candidate_tracking_loss,False
121,38,0,earlier,109,10592,gt_present_candidate_tracking_loss,False
122,38,0,earlier,110,10776,gt_present_candidate_tracking_loss,False
123,38,0,earlier,111,11628,gt_present_candidate_tracking_loss,False
124,38,0,earlier,112,11848,gt_present_candidate_tracking_loss,False
125,38,0,earlier,113,11972,gt_present_candidate_tracking_loss,False
126,38,0,earlier,114,12704,gt_present_candidate_tracking_loss,False
127,38,0,earlier,115,13528,gt_present_candidate_tracking_loss,False
128,38,0,earlier,116,13212,gt_present_candidate_tracking_loss,False
129,38,0,earlier,117,11740,gt_present_candidate_tracking_loss,False
130,38,0,earlier,118,10908,gt_present_candidate_tracking_loss,False
131,38,0,earlier,119,12652,gt_present_candidate_tracking_loss,False
132,38,0,earlier,120,13152,gt_present_candidate_tracking_loss,False
133,38,0,earlier,121,14184,gt_present_candidate_tracking_loss,False
134,38,0,earlier,122,15148,gt_present_candidate_tracking_loss,False
135,38,0,earlier,123,16008,gt_present_candidate_tracking_loss,False
136,38,0,earlier,124,16536,gt_present_candidate_tracking_loss,False
137,38,0,earlier,125,16176,gt_present_candidate_tracking_loss,False
138,38,0,earlier,126,15632,gt_present_candidate_tracking_loss,False
139,38,0,earlier,127,17480,gt_present_candidate_tracking_loss,False
140,38,0,earlier,128,17808,gt_present_candidate_tracking_loss,False
141,38,0,earlier,129,17796,gt_present_candidate_tracking_loss,False
142,38,0,earlier,130,18336,gt_present_candidate_tracking_loss,False
143,38,0,earlier,131,19024,gt_present_candidate_tracking_loss,False
144,38,0,earlier,132,16832,gt_present_candidate_tracking_loss,False
145,38,0,earlier,133,16560,gt_present_candidate_tracking_loss,False
146,38,0,earlier,134,17324,gt_present_candidate_tracking_loss,False
147,38,0,earlier,135,15868,gt_present_candidate_tracking_loss,False
148,38,0,earlier,136,16412,gt_present_candidate_tracking_loss,False
149,38,0,earlier,137,14472,gt_present_candidate_tracking_loss,False
150,38,0,earlier,138,15376,gt_present_candidate_tracking_loss,False
151,38,0,earlier,139,14900,gt_present_candidate_tracking_loss,False
152,38,0,earlier,140,15016,gt_present_candidate_tracking_loss,False
153,38,0,earlier,141,14288,gt_present_candidate_tracking_loss,False
154,38,0,earlier,142,13820,gt_present_candidate_tracking_loss,False
155,38,0,earlier,143,14020,gt_present_candidate_tracking_loss,False
156,38,0,earlier,144,14620,gt_present_candidate_tracking_loss,False
157,38,0,earlier,145,14380,gt_present_candidate_tracking_loss,False
158,38,0,earlier,146,14824,gt_present_candidate_tracking_loss,False
159,38,0,earlier,147,15440,gt_present_candidate_tracking_loss,False
160,38,0,earlier,148,16432,gt_present_candidate_tracking_loss,False
161,38,0,earlier,149,16560,gt_present_candidate_tracking_loss,False
162,38,0,earlier,150,16224,gt_present_candidate_tracking_loss,False
163,38,0,earlier,151,18424,gt_present_candidate_tracking_loss,False
164,38,0,earlier,152,20576,gt_present_candidate_tracking_loss,False
165,38,0,earlier,153,20236,gt_present_candidate_tracking_loss,False
166,38,0,earlier,154,20956,gt_present_candidate_tracking_loss,False
167,38,0,earlier,155,21120,gt_present_candidate_tracking_loss,False
168,38,0,earlier,156,19488,gt_present_candidate_tracking_loss,False
169,38,0,earlier,157,20192,gt_present_candidate_tracking_loss,False
170,38,0,earlier,158,23092,gt_present_candidate_tracking_loss,False
171,38,0,earlier,159,23640,gt_present_candidate_tracking_loss,False
172,38,0,earlier,160,24244,gt_present_candidate_tracking_loss,False
173,38,0,earlier,161,25496,gt_present_candidate_tracking_loss,False
174,38,0,earlier,162,27124,gt_present_candidate_tracking_loss,False
175,38,0,earlier,163,24036,gt_present_candidate_tracking_loss,False
176,38,0,earlier,164,25956,gt_present_candidate_tracking_loss,False
177,38,0,earlier,165,27412,gt_present_candidate_tracking_loss,False
178,38,0,earlier,166,28184,gt_present_candidate_tracking_loss,False
179,38,0,earlier,167,27956,gt_present_candidate_tracking_loss,False
180,38,0,earlier,168,27364,gt_present_candidate_tracking_loss,False
181,38,0,earlier,169,27104,gt_present_candidate_tracking_loss,False
182,38,0,earlier,170,26236,gt_present_candidate_tracking_loss,False
183,38,0,earlier,171,25888,gt_present_candidate_tracking_loss,False
184,38,0,earlier,172,24648,gt_present_candidate_tracking_loss,False
185,38,0,earlier,173,24508,gt_present_candidate_tracking_loss,False
186,38,0,earlier,174,24416,gt_present_candidate_tracking_loss,False
187,38,0,earlier,175,22908,gt_present_candidate_tracking_loss,False
188,38,0,earlier,176,23368,gt_present_candidate_tracking_loss,False
189,38,0,earlier,177,22640,gt_present_candidate_tracking_loss,False
190,38,0,earlier,178,21572,gt_present_candidate_tracking_loss,False
191,38,0,earlier,179,20320,gt_present_candidate_tracking_loss,False
192,38,0,earlier,180,20308,gt_present_candidate_tracking_loss,False
193,38,0,earlier,181,20332,gt_present_candidate_tracking_loss,False
194,38,0,earlier,182,19168,gt_present_candidate_tracking_loss,False
195,38,0,earlier,183,18284,gt_present_candidate_tracking_loss,False
196,38,0,earlier,184,17512,gt_present_candidate_tracking_loss,False
197,38,0,earlier,185,16764,gt_present_candidate_tracking_loss,False
198,38,0,earlier,186,15640,gt_present_candidate_tracking_loss,False
199,38,0,earlier,187,15128,gt_present_candidate_tracking_loss,False
200,38,0,earlier,188,14892,gt_present_candidate_tracking_loss,False
201,38,0,earlier,189,14444,gt_present_candidate_tracking_loss,False
202,38,0,earlier,190,14232,gt_present_candidate_tracking_loss,False
203,38,0,earlier,191,14004,gt_present_candidate_tracking_loss,False
204,38,0,earlier,192,14040,gt_present_candidate_tracking_loss,False
205,38,0,earlier,193,13964,gt_present_candidate_tracking_loss,False
206,38,0,earlier,194,13348,gt_present_candidate_tracking_loss,False
207,38,0,earlier,195,12976,gt_present_candidate_tracking_loss,False
208,38,0,earlier,196,12752,gt_present_candidate_tracking_loss,False
209,38,0,earlier,197,11596,gt_present_candidate_tracking_loss,False
210,38,0,earlier,198,11776,gt_present_candidate_tracking_loss,False
211,38,0,earlier,199,11936,gt_present_candidate_tracking_loss,False
212,38,0,earlier,200,11884,gt_present_candidate_tracking_loss,False
213,38,0,earlier,201,11652,gt_present_candidate_tracking_loss,False
214,38,0,earlier,202,11660,gt_present_candidate_tracking_loss,False
215,38,0,earlier,203,11560,gt_present_candidate_tracking_loss,False
216,38,0,earlier,204,11432,gt_present_candidate_tracking_loss,False
217,38,0,earlier,205,11152,gt_present_candidate_tracking_loss,False
218,38,0,earlier,206,11088,gt_present_candidate_tracking_loss,False
219,38,0,earlier,207,11112,gt_present_candidate_tracking_loss,False
220,38,0,earlier,208,10840,gt_present_candidate_tracking_loss,False
221,38,0,earlier,209,10816,gt_present_candidate_tracking_loss,False
222,38,0,earlier,210,10620,gt_present_candidate_tracking_loss,False
223,38,0,earlier,211,10376,gt_present_candidate_tracking_loss,False
224,38,0,earlier,212,10240,gt_present_candidate_tracking_loss,False
225,38,0,earlier,213,9876,gt_present_candidate_tracking_loss,False
226,38,0,earlier,214,9744,gt_present_candidate_tracking_loss,False
227,38,0,earlier,215,9708,gt_present_candidate_tracking_loss,False
228,38,0,earlier,216,9580,gt_present_candidate_tracking_loss,False
229,38,0,earlier,217,9488,gt_present_candidate_tracking_loss,False
230,38,0,earlier,218,9360,gt_present_candidate_tracking_loss,False
231,38,0,earlier,219,9308,gt_present_candidate_tracking_loss,False
232,38,0,earlier,220,9440,gt_present_candidate_tracking_loss,False
233,38,0,earlier,221,9484,gt_present_candidate_tracking_loss,False
234,38,0,earlier,222,9492,gt_present_candidate_tracking_loss,False
235,38,0,earlier,223,9572,gt_present_candidate_tracking_loss,False
236,38,0,earlier,224,9468,gt_present_candidate_tracking_loss,False
237,38,0,earlier,225,9072,gt_present_candidate_tracking_loss,False
238,38,0,earlier,226,8896,gt_present_candidate_tracking_loss,False
239,38,0,earlier,227,8832,gt_present_candidate_tracking_loss,False
240,38,0,earlier,228,8620,gt_present_candidate_tracking_loss,False
241,38,0,earlier,229,8784,gt_present_candidate_tracking_loss,False
242,38,0,earlier,230,8824,gt_present_candidate_tracking_loss,False
243,38,0,earlier,231,9032,gt_present_candidate_tracking_loss,False
244,38,0,earlier,232,9080,gt_present_candidate_tracking_loss,False
245,38,0,earlier,233,8520,gt_present_candidate_tracking_loss,False
246,38,0,earlier,234,8700,gt_present_candidate_tracking_loss,False
247,38,0,earlier,235,9236,gt_present_candidate_tracking_loss,False
248,38,0,earlier,236,9152,gt_present_candidate_tracking_loss,False
249,38,0,earlier,237,9716,gt_present_candidate_tracking_loss,False
250,38,0,earlier,238,10392,gt_present_candidate_tracking_loss,False
251,38,0,earlier,239,10916,gt_present_candidate_tracking_loss,False
252,38,0,earlier,240,11472,gt_present_candidate_tracking_loss,False
253,38,0,earlier,241,11500,gt_present_candidate_tracking_loss,False
254,38,0,earlier,242,11508,gt_present_candidate_tracking_loss,False
255,38,0,earlier,243,11472,gt_present_candidate_tracking_loss,False
256,38,0,earlier,244,11352,gt_present_candidate_tracking_loss,False
257,38,0,earlier,245,11204,gt_present_candidate_tracking_loss,False
258,38,0,earlier,246,11096,gt_present_candidate_tracking_loss,False
259,38,0,earlier,247,10780,gt_present_candidate_tracking_loss,False
260,38,0,earlier,248,11376,gt_present_candidate_tracking_loss,False
261,38,0,earlier,249,11184,gt_present_candidate_tracking_loss,False
262,38,0,earlier,250,11060,gt_present_candidate_tracking_loss,False
263,38,0,earlier,251,11148,gt_present_candidate_tracking_loss,False
264,38,0,earlier,252,11236,gt_present_candidate_tracking_loss,False
265,38,0,earlier,253,11176,gt_present_candidate_tracking_loss,False
266,38,0,earlier,254,11248,gt_present_candidate_tracking_loss,False
267,38,0,earlier,255,11260,gt_present_candidate_tracking_loss,False
268,38,0,earlier,256,11196,gt_present_candidate_tracking_loss,False
269,38,0,earlier,257,11188,gt_present_candidate_tracking_loss,False
270,38,0,earlier,258,11228,gt_present_candidate_tracking_loss,False
271,38,0,earlier,259,11348,gt_present_candidate_tracking_loss,False
272,38,0,earlier,260,10752,gt_present_candidate_tracking_loss,False
273,38,0,earlier,261,10064,gt_present_candidate_tracking_loss,False
274,38,0,earlier,262,9868,gt_present_candidate_tracking_loss,False
275,38,0,earlier,263,9412,gt_present_candidate_tracking_loss,False
276,38,0,earlier,264,9368,gt_present_candidate_tracking_loss,False
277,38,0,earlier,265,9440,gt_present_candidate_tracking_loss,False
278,38,0,earlier,266,9728,gt_present_candidate_tracking_loss,False
279,38,0,earlier,267,10024,gt_present_candidate_tracking_loss,False
280,38,0,earlier,268,10276,gt_present_candidate_tracking_loss,False
281,38,0,earlier,269,10424,gt_present_candidate_tracking_loss,False
282,38,0,earlier,270,10432,gt_present_candidate_tracking_loss,False
283,38,0,earlier,271,10524,gt_present_candidate_tracking_loss,False
284,38,0,earlier,272,10616,gt_present_candidate_tracking_loss,False
285,38,0,earlier,273,10996,gt_present_candidate_tracking_loss,False
286,38,0,earlier,274,11124,gt_present_candidate_tracking_loss,False
287,38,0,earlier,275,10920,gt_present_candidate_tracking_loss,False
288,38,0,earlier,276,11308,gt_present_candidate_tracking_loss,False
289,38,0,earlier,277,11508,gt_present_candidate_tracking_loss,False
290,38,0,earlier,278,11892,gt_present_candidate_tracking_loss,False
291,38,0,earlier,279,11964,gt_present_candidate_tracking_loss,False
292,38,0,earlier,280,10016,gt_present_candidate_tracking_loss,False
293,38,0,earlier,281,8856,gt_present_candidate_tracking_loss,False
294,38,0,earlier,282,8732,gt_present_candidate_tracking_loss,False
295,38,0,earlier,283,8628,gt_present_candidate_tracking_loss,False
296,38,0,earlier,284,7100,gt_present_candidate_tracking_loss,False
297,38,0,earlier,285,6272,gt_present_candidate_tracking_loss,False
298,38,0,earlier,286,6980,gt_present_candidate_tracking_loss,False
299,38,0,earlier,287,6996,gt_present_candidate_tracking_loss,False
300,38,0,earlier,288,6744,gt_present_candidate_tracking_loss,False
301,38,0,earlier,289,7256,gt_present_candidate_tracking_loss,False
302,38,0,earlier,290,7856,gt_present_candidate_tracking_loss,False
303,38,0,earlier,291,8300,gt_present_candidate_tracking_loss,False
304,38,0,earlier,292,8872,gt_present_candidate_tracking_loss,False
305,38,0,earlier,293,9320,gt_present_candidate_tracking_loss,False
306,38,0,earlier,294,9684,gt_present_candidate_tracking_loss,False
307,38,0,earlier,295,10080,gt_present_candidate_tracking_loss,False
308,38,0,earlier,296,10736,gt_present_candidate_tracking_loss,False
309,38,0,earlier,297,10864,gt_present_candidate_tracking_loss,False
310,38,0,earlier,298,11484,gt_present_candidate_tracking_loss,False
311,38,0,earlier,299,12096,gt_present_candidate_tracking_loss,False
312,38,0,earlier,300,11716,gt_present_candidate_tracking_loss,False
313,38,0,earlier,301,10788,gt_present_candidate_tracking_loss,False
314,38,0,earlier,302,9128,gt_present_candidate_tracking_loss,False
315,38,0,earlier,303,9572,gt_present_candidate_tracking_loss,False
316,38,0,earlier,304,9148,gt_present_candidate_tracking_loss,False
317,38,0,earlier,305,7168,gt_present_candidate_tracking_loss,False
318,38,0,earlier,306,10108,gt_present_candidate_tracking_loss,False
319,38,0,earlier,307,11712,gt_present_candidate_tracking_loss,False
320,38,0,earlier,308,12612,gt_present_candidate_tracking_loss,False
321,38,0,earlier,309,19040,gt_present_candidate_tracking_loss,False
322,38,0,earlier,310,30132,gt_present_candidate_tracking_loss,False
323,38,0,earlier,311,26056,gt_present_candidate_tracking_loss,False
324,38,0,earlier,312,24456,gt_present_candidate_tracking_loss,False
325,38,0,earlier,313,16564,gt_present_candidate_tracking_loss,False
327,38,0,earlier,315,0,gt_absent_candidate_expected_absence,False
328,38,0,earlier,316,0,gt_absent_candidate_expected_absence,False
329,38,0,earlier,317,0,gt_absent_candidate_expected_absence,False
330,38,0,earlier,318,0,gt_absent_candidate_expected_absence,False
331,38,0,earlier,319,0,gt_absent_candidate_expected_absence,False
332,38,0,earlier,320,0,gt_absent_candidate_expected_absence,False
333,38,0,earlier,321,0,gt_absent_candidate_expected_absence,False
334,38,0,earlier,322,0,gt_absent_candidate_expected_absence,False
335,38,0,earlier,323,0,gt_absent_candidate_expected_absence,False
336,38,0,earlier,324,0,gt_absent_candidate_expected_absence,False
337,38,0,earlier,325,0,gt_absent_candidate_expected_absence,False
338,38,0,earlier,326,0,gt_absent_candidate_expected_absence,False
339,38,0,earlier,327,0,gt_absent_candidate_expected_absence,False
340,38,0,earlier,328,0,gt_absent_candidate_expected_absence,False
341,38,0,earlier,329,0,gt_absent_candidate_expected_absence,False
342,38,0,earlier,330,0,gt_absent_candidate_expected_absence,False
343,38,0,earlier,331,0,gt_absent_candidate_expected_absence,False
344,38,0,earlier,332,0,gt_absent_candidate_expected_absence,False
345,38,0,earlier,333,0,gt_absent_candidate_expected_absence,False
346,38,0,earlier,334,0,gt_absent_candidate_expected_absence,False
347,38,0,earlier,335,0,gt_absent_candidate_expected_absence,False
348,38,0,earlier,336,0,gt_absent_candidate_expected_absence,False
349,38,0,earlier,337,0,gt_absent_candidate_expected_absence,False
350,38,0,earlier,338,0,gt_absent_candidate_expected_absence,False
351,38,0,earlier,339,0,gt_absent_candidate_expected_absence,False
352,38,0,earlier,340,0,gt_absent_candidate_expected_absence,False
353,38,0,earlier,341,0,gt_absent_candidate_expected_absence,False
354,38,0,earlier,342,0,gt_absent_candidate_expected_absence,False
355,38,0,earlier,343,0,gt_absent_candidate_expected_absence,False
356,38,0,earlier,344,0,gt_absent_candidate_expected_absence,False
357,38,0,earlier,345,0,gt_absent_candidate_expected_absence,False
358,38,0,earlier,346,0,gt_absent_candidate_expected_absence,False
359,38,0,earlier,347,0,gt_absent_candidate_expected_absence,False
360,38,0,earlier,348,0,gt_absent_candidate_expected_absence,False
361,38,0,earlier,349,0,gt_absent_candidate_expected_absence,False
362,38,0,earlier,350,0,gt_absent_candidate_expected_absence,False
363,38,0,earlier,351,0,gt_absent_candidate_expected_absence,False
364,38,0,earlier,352,0,gt_absent_candidate_expected_absence,False
365,38,0,earlier,353,0,gt_absent_candidate_expected_absence,False
366,38,0,earlier,354,0,gt_absent_candidate_expected_absence,False
367,38,0,earlier,355,0,gt_absent_candidate_expected_absence,False
368,38,0,earlier,356,0,gt_absent_candidate_expected_absence,False
369,38,0,earlier,357,0,gt_absent_candidate_expected_absence,False
370,38,0,earlier,358,0,gt_absent_candidate_expected_absence,False
371,38,0,earlier,359,0,gt_absent_candidate_expected_absence,False
372,38,0,earlier,360,0,gt_absent_candidate_expected_absence,False
373,38,0,earlier,361,0,gt_absent_candidate_expected_absence,False
374,38,0,earlier,362,0,gt_absent_candidate_expected_absence,False
375,38,0,earlier,363,0,gt_absent_candidate_expected_absence,False
376,38,0,earlier,364,0,gt_absent_candidate_expected_absence,False
377,38,0,earlier,365,0,gt_absent_candidate_expected_absence,False
378,38,0,earlier,366,0,gt_absent_candidate_expected_absence,False
379,38,0,earlier,367,0,gt_absent_candidate_expected_absence,False
380,38,0,earlier,368,0,gt_absent_candidate_expected_absence,False
381,38,0,earlier,369,0,gt_absent_candidate_expected_absence,False
382,38,0,earlier,370,0,gt_absent_candidate_expected_absence,False
383,38,0,earlier,371,0,gt_absent_candidate_expected_absence,False
384,38,0,earlier,372,0,gt_absent_candidate_expected_absence,False
385,38,0,earlier,373,0,gt_absent_candidate_expected_absence,False
386,38,0,earlier,374,0,gt_absent_candidate_expected_absence,False
387,38,0,earlier,375,0,gt_absent_candidate_expected_absence,False
388,38,0,earlier,376,0,gt_absent_candidate_expected_absence,False
389,38,0,earlier,377,0,gt_absent_candidate_expected_absence,False
390,38,0,earlier,378,0,gt_absent_candidate_expected_absence,False
391,38,0,earlier,379,0,gt_absent_candidate_expected_absence,False
392,38,0,earlier,380,0,gt_absent_candidate_expected_absence,False
393,38,0,earlier,381,0,gt_absent_candidate_expected_absence,False
394,38,0,earlier,382,0,gt_absent_candidate_expected_absence,False
395,38,0,earlier,383,0,gt_absent_candidate_expected_absence,False
396,38,0,earlier,384,0,gt_absent_candidate_expected_absence,False
397,38,0,earlier,385,0,gt_absent_candidate_expected_absence,False
398,38,0,earlier,386,0,gt_absent_candidate_expected_absence,False
399,38,0,earlier,387,0,gt_absent_candidate_expected_absence,False
400,38,0,earlier,388,0,gt_absent_candidate_expected_absence,False
401,38,0,earlier,389,0,gt_absent_candidate_expected_absence,False
402,38,0,earlier,390,0,gt_absent_candidate_expected_absence,False
403,38,0,earlier,391,0,gt_absent_candidate_expected_absence,False
404,38,0,earlier,392,0,gt_absent_candidate_expected_absence,False
405,38,0,earlier,393,0,gt_absent_candidate_expected_absence,False
406,38,0,earlier,394,0,gt_absent_candidate_expected_absence,False
407,38,0,earlier,395,0,gt_absent_candidate_expected_absence,False
408,38,0,earlier,396,0,gt_absent_candidate_expected_absence,False
409,38,0,earlier,397,0,gt_absent_candidate_expected_absence,False
410,38,0,earlier,398,0,gt_absent_candidate_expected_absence,False
411,38,0,earlier,399,0,gt_absent_candidate_expected_absence,False
412,38,0,earlier,400,0,gt_absent_candidate_expected_absence,False
413,38,0,earlier,401,0,gt_absent_candidate_expected_absence,False
414,38,0,earlier,402,0,gt_absent_candidate_expected_absence,False
415,38,0,earlier,403,0,gt_absent_candidate_expected_absence,False
416,38,0,earlier,404,0,gt_absent_candidate_expected_absence,False
417,38,0,earlier,405,0,gt_absent_candidate_expected_absence,False
418,38,0,earlier,406,0,gt_absent_candidate_expected_absence,False
516,38,0,later,504,0,gt_absent_candidate_expected_absence,False
517,38,0,later,505,0,gt_absent_candidate_expected_absence,False
518,38,0,later,506,0,gt_absent_candidate_expected_absence,False
519,38,0,later,507,0,gt_absent_candidate_expected_absence,False
520,38,0,later,508,0,gt_absent_candidate_expected_absence,False
521,38,0,later,509,0,gt_absent_candidate_expected_absence,False
522,38,0,later,510,0,gt_absent_candidate_expected_absence,False
523,38,0,later,511,0,gt_absent_candidate_expected_absence,False
524,38,0,later,512,0,gt_absent_candidate_expected_absence,False
525,38,0,later,513,0,gt_absent_candidate_expected_absence,False
526,38,0,later,514,0,gt_absent_candidate_expected_absence,False
527,38,0,later,515,0,gt_absent_candidate_expected_absence,False
528,38,0,later,516,0,gt_absent_candidate_expected_absence,False
529,38,0,later,517,0,gt_absent_candidate_expected_absence,False
530,38,0,later,518,0,gt_absent_candidate_expected_absence,False
531,38,0,later,519,0,gt_absent_candidate_expected_absence,False
532,38,0,later,520,0,gt_absent_candidate_expected_absence,False
533,38,0,later,521,0,gt_absent_candidate_expected_absence,False
534,38,0,later,522,0,gt_absent_candidate_expected_absence,False
535,38,0,later,523,0,gt_absent_candidate_expected_absence,False
536,38,0,later,524,0,gt_absent_candidate_expected_absence,False
537,38,0,later,525,0,gt_absent_candidate_expected_absence,False
538,38,0,later,526,0,gt_absent_candidate_expected_absence,False
539,38,0,later,527,0,gt_absent_candidate_expected_absence,False
540,38,0,later,528,0,gt_absent_candidate_expected_absence,False
541,38,0,later,529,0,gt_absent_candidate_expected_absence,False
542,38,0,later,530,0,gt_absent_candidate_expected_absence,False
543,38,0,later,531,0,gt_absent_candidate_expected_absence,False
544,38,0,later,532,0,gt_absent_candidate_expected_absence,False
545,38,0,later,533,0,gt_absent_candidate_expected_absence,False
546,38,0,later,534,0,gt_absent_candidate_expected_absence,False
547,38,0,later,535,0,gt_absent_candidate_expected_absence,False
548,38,0,later,536,0,gt_absent_candidate_expected_absence,False
549,38,0,later,537,0,gt_absent_candidate_expected_absence,False
550,38,0,later,538,0,gt_absent_candidate_expected_absence,False
551,38,0,later,539,0,gt_absent_candidate_expected_absence,False
552,38,0,later,540,0,gt_absent_candidate_expected_absence,False
553,38,0,later,541,0,gt_absent_candidate_expected_absence,False
554,38,0,later,542,0,gt_absent_candidate_expected_absence,False
555,38,0,later,543,0,gt_absent_candidate_expected_absence,False
556,38,0,later,544,0,gt_absent_candidate_expected_absence,False
557,38,0,later,545,0,gt_absent_candidate_expected_absence,False
558,38,0,later,546,0,gt_absent_candidate_expected_absence,False
559,38,0,later,547,0,gt_absent_candidate_expected_absence,False
560,38,0,later,548,0,gt_absent_candidate_expected_absence,False
561,38,0,later,549,0,gt_absent_candidate_expected_absence,False
562,38,0,later,550,0,gt_absent_candidate_expected_absence,False
563,38,0,later,551,0,gt_absent_candidate_expected_absence,False
564,38,0,later,552,0,gt_absent_candidate_expected_absence,False
565,38,0,later,553,0,gt_absent_candidate_expected_absence,False
566,38,0,later,554,0,gt_absent_candidate_expected_absence,False
567,38,0,later,555,0,gt_absent_candidate_expected_absence,False
568,38,0,later,556,0,gt_absent_candidate_expected_absence,False
569,38,0,later,557,0,gt_absent_candidate_expected_absence,False
570,38,0,later,558,0,gt_absent_candidate_expected_absence,False
571,38,0,later,559,0,gt_absent_candidate_expected_absence,False
572,38,0,later,560,0,gt_absent_candidate_expected_absence,False
573,38,0,later,561,0,gt_absent_candidate_expected_absence,False
574,38,0,later,562,0,gt_absent_candidate_expected_absence,False
575,38,0,later,563,0,gt_absent_candidate_expected_absence,False
576,38,0,later,564,0,gt_absent_candidate_expected_absence,False
577,38,0,later,565,0,gt_absent_candidate_expected_absence,False
578,38,0,later,566,0,gt_absent_candidate_expected_absence,False
579,38,0,later,567,0,gt_absent_candidate_expected_absence,False
580,38,0,later,568,0,gt_absent_candidate_expected_absence,False
581,38,0,later,569,0,gt_absent_candidate_expected_absence,False
582,38,0,later,570,0,gt_absent_candidate_expected_absence,False
583,38,0,later,571,0,gt_absent_candidate_expected_absence,False
584,38,0,later,572,0,gt_absent_candidate_expected_absence,False
585,38,0,later,573,0,gt_absent_candidate_expected_absence,False
586,38,0,later,574,0,gt_absent_candidate_expected_absence,False
587,38,0,later,575,0,gt_absent_candidate_expected_absence,False
588,38,0,later,576,0,gt_absent_candidate_expected_absence,False
589,38,0,later,577,0,gt_absent_candidate_expected_absence,False
590,38,0,later,578,0,gt_absent_candidate_expected_absence,False
591,38,0,later,579,0,gt_absent_candidate_expected_absence,False
592,38,0,later,580,0,gt_absent_candidate_expected_absence,False
593,38,0,later,581,0,gt_absent_candidate_expected_absence,False
594,38,0,later,582,0,gt_absent_candidate_expected_absence,False
595,38,0,later,583,0,gt_absent_candidate_expected_absence,False
596,38,0,later,584,0,gt_absent_candidate_expected_absence,False
597,38,0,later,585,0,gt_absent_candidate_expected_absence,False
598,38,0,later,586,0,gt_absent_candidate_expected_absence,False
599,38,0,later,587,0,gt_absent_candidate_expected_absence,False
600,38,0,later,588,0,gt_absent_candidate_expected_absence,False
601,38,0,later,589,0,gt_absent_candidate_expected_absence,False
602,38,0,later,590,0,gt_absent_candidate_expected_absence,False
603,38,0,later,591,0,gt_absent_candidate_expected_absence,False
604,38,0,later,592,0,gt_absent_candidate_expected_absence,False
605,38,0,later,593,0,gt_absent_candidate_expected_absence,False
606,38,0,later,594,0,gt_absent_candidate_expected_absence,False
607,38,0,later,595,0,gt_absent_candidate_expected_absence,False
608,38,0,later,596,0,gt_absent_candidate_expected_absence,False
609,38,0,later,597,0,gt_absent_candidate_expected_absence,False
610,38,0,later,598,0,gt_absent_candidate_expected_absence,False
611,38,0,later,599,0,gt_absent_candidate_expected_absence,False
612,38,0,later,600,0,gt_absent_candidate_expected_absence,False
613,38,0,later,601,0,gt_absent_candidate_expected_absence,False
614,38,0,later,602,0,gt_absent_candidate_expected_absence,False
615,38,0,later,603,0,gt_absent_candidate_expected_absence,False
616,38,0,later,604,0,gt_absent_candidate_expected_absence,False
617,38,0,later,605,0,gt_absent_candidate_expected_absence,False
618,38,0,later,606,0,gt_absent_candidate_expected_absence,False
619,38,0,later,607,0,gt_absent_candidate_expected_absence,False
620,38,0,later,608,0,gt_absent_candidate_expected_absence,False
621,38,0,later,609,0,gt_absent_candidate_expected_absence,False
622,38,0,later,610,0,gt_absent_candidate_expected_absence,False
623,38,0,later,611,0,gt_absent_candidate_expected_absence,False
624,38,0,later,612,0,gt_absent_candidate_expected_absence,False
625,38,0,later,613,0,gt_absent_candidate_expected_absence,False
626,38,0,later,614,0,gt_absent_candidate_expected_absence,False
627,38,0,later,615,0,gt_absent_candidate_expected_absence,False
628,38,0,later,616,0,gt_absent_candidate_expected_absence,False
629,38,0,later,617,0,gt_absent_candidate_expected_absence,False
630,38,0,later,618,0,gt_absent_candidate_expected_absence,False
632,38,0,later,620,5436,gt_present_candidate_tracking_loss,False
920,75,1,earlier,908,63724,gt_present_candidate_tracking_loss,False
921,75,1,earlier,909,109636,gt_present_candidate_tracking_loss,False
922,14,1,earlier,910,906,gt_present_candidate_tracking_loss,False
922,75,1,earlier,910,184272,gt_present_candidate_tracking_loss,False
922,113,1,earlier,910,0,gt_absent_candidate_expected_absence,False
923,14,1,earlier,911,668,gt_present_candidate_tracking_loss,False
923,75,1,earlier,911,262668,gt_present_candidate_tracking_loss,False
923,113,1,earlier,911,0,gt_absent_candidate_expected_absence,False
924,75,1,earlier,912,239708,gt_present_candidate_tracking_loss,False
924,113,1,earlier,912,0,gt_absent_candidate_expected_absence,False
925,75,1,earlier,913,120558,gt_present_candidate_tracking_loss,False
926,75,1,earlier,914,58732,gt_present_candidate_tracking_loss,False
927,75,1,earlier,915,12992,gt_present_candidate_tracking_loss,False
928,75,1,earlier,916,0,gt_absent_candidate_expected_absence,False
929,75,1,earlier,917,0,gt_absent_candidate_expected_absence,False
930,75,1,earlier,918,980,gt_present_candidate_tracking_loss,False
931,75,1,earlier,919,0,gt_absent_candidate_expected_absence,False
932,75,1,earlier,920,200,gt_present_candidate_tracking_loss,False
933,75,1,earlier,921,0,gt_absent_candidate_expected_absence,False
934,75,1,earlier,922,4,gt_present_candidate_tracking_loss,True
935,75,1,earlier,923,0,gt_absent_candidate_expected_absence,False
936,75,1,earlier,924,0,gt_absent_candidate_expected_absence,False
937,75,1,earlier,925,0,gt_absent_candidate_expected_absence,False
938,75,1,earlier,926,0,gt_absent_candidate_expected_absence,False
2100,38,2,later,2088,0,gt_absent_candidate_expected_absence,False
2101,38,2,later,2089,0,gt_absent_candidate_expected_absence,False
2102,38,2,later,2090,0,gt_absent_candidate_expected_absence,False
2103,38,2,later,2091,0,gt_absent_candidate_expected_absence,False
2104,38,2,later,2092,0,gt_absent_candidate_expected_absence,False
2105,38,2,later,2093,0,gt_absent_candidate_expected_absence,False
2106,38,2,later,2094,0,gt_absent_candidate_expected_absence,False
2107,38,2,later,2095,0,gt_absent_candidate_expected_absence,False
2108,38,2,later,2096,0,gt_absent_candidate_expected_absence,False
2109,38,2,later,2097,0,gt_absent_candidate_expected_absence,False
2110,38,2,later,2098,0,gt_absent_candidate_expected_absence,False
2111,38,2,later,2099,0,gt_absent_candidate_expected_absence,False
2112,38,2,later,2100,0,gt_absent_candidate_expected_absence,False
2113,38,2,later,2101,0,gt_absent_candidate_expected_absence,False
2189,14,2,later,2177,5056,gt_present_candidate_tracking_loss,False
2190,14,2,later,2178,4938,gt_present_candidate_tracking_loss,False
2191,14,2,later,2179,4916,gt_present_candidate_tracking_loss,False
2192,14,2,later,2180,4792,gt_present_candidate_tracking_loss,False
2193,14,2,later,2181,4760,gt_present_candidate_tracking_loss,False
2194,14,2,later,2182,4626,gt_present_candidate_tracking_loss,False
2195,14,2,later,2183,4440,gt_present_candidate_tracking_loss,False
2196,14,2,later,2184,4540,gt_present_candidate_tracking_loss,False
2197,14,2,later,2185,4310,gt_present_candidate_tracking_loss,False
2198,14,2,later,2186,4160,gt_present_candidate_tracking_loss,False
2199,14,2,later,2187,4162,gt_present_candidate_tracking_loss,False
2200,14,2,later,2188,3930,gt_present_candidate_tracking_loss,False
2201,14,2,later,2189,3886,gt_present_candidate_tracking_loss,False
2202,14,2,later,2190,3898,gt_present_candidate_tracking_loss,False
2203,14,2,later,2191,3744,gt_present_candidate_tracking_loss,False
2204,14,2,later,2192,3654,gt_present_candidate_tracking_loss,False
2205,14,2,later,2193,3836,gt_present_candidate_tracking_loss,False
2206,14,2,later,2194,3966,gt_present_candidate_tracking_loss,False
2207,14,2,later,2195,4220,gt_present_candidate_tracking_loss,False
2208,14,2,later,2196,4438,gt_present_candidate_tracking_loss,False
2209,14,2,later,2197,4566,gt_present_candidate_tracking_loss,False
2210,14,2,later,2198,4822,gt_present_candidate_tracking_loss,False
2211,14,2,later,2199,5024,gt_present_candidate_tracking_loss,False
2212,14,2,later,2200,5176,gt_present_candidate_tracking_loss,False
2213,14,2,later,2201,5450,gt_present_candidate_tracking_loss,False
2214,14,2,later,2202,5672,gt_present_candidate_tracking_loss,False
2215,14,2,later,2203,5702,gt_present_candidate_tracking_loss,False
2216,14,2,later,2204,5850,gt_present_candidate_tracking_loss,False
2217,14,2,later,2205,5826,gt_present_candidate_tracking_loss,False
2218,14,2,later,2206,6034,gt_present_candidate_tracking_loss,False
2219,14,2,later,2207,6162,gt_present_candidate_tracking_loss,False
2220,14,2,later,2208,5750,gt_present_candidate_tracking_loss,False
2221,14,2,later,2209,5982,gt_present_candidate_tracking_loss,False
2222,14,2,later,2210,6260,gt_present_candidate_tracking_loss,False
2223,14,2,later,2211,6332,gt_present_candidate_tracking_loss,False
2224,14,2,later,2212,6102,gt_present_candidate_tracking_loss,False
2225,14,2,later,2213,6250,gt_present_candidate_tracking_loss,False
2226,14,2,later,2214,6226,gt_present_candidate_tracking_loss,False
2227,14,2,later,2215,6442,gt_present_candidate_tracking_loss,False
2228,14,2,later,2216,6438,gt_present_candidate_tracking_loss,False
2229,14,2,later,2217,6428,gt_present_candidate_tracking_loss,False
2230,14,2,later,2218,6456,gt_present_candidate_tracking_loss,False
2231,14,2,later,2219,6464,gt_present_candidate_tracking_loss,False
2232,14,2,later,2220,6420,gt_present_candidate_tracking_loss,False
2233,14,2,later,2221,6346,gt_present_candidate_tracking_loss,False
2234,14,2,later,2222,6300,gt_present_candidate_tracking_loss,False
2235,14,2,later,2223,6258,gt_present_candidate_tracking_loss,False
2236,14,2,later,2224,6374,gt_present_candidate_tracking_loss,False
2237,14,2,later,2225,6346,gt_present_candidate_tracking_loss,False
2238,14,2,later,2226,6364,gt_present_candidate_tracking_loss,False
2239,14,2,later,2227,6074,gt_present_candidate_tracking_loss,False
2240,14,2,later,2228,6080,gt_present_candidate_tracking_loss,False
2241,14,2,later,2229,6106,gt_present_candidate_tracking_loss,False
2242,14,2,later,2230,6096,gt_present_candidate_tracking_loss,False
2243,14,2,later,2231,6092,gt_present_candidate_tracking_loss,False
2244,14,2,later,2232,6082,gt_present_candidate_tracking_loss,False
2245,14,2,later,2233,6070,gt_present_candidate_tracking_loss,False
2246,14,2,later,2234,6162,gt_present_candidate_tracking_loss,False
2247,14,2,later,2235,6110,gt_present_candidate_tracking_loss,False
2248,14,2,later,2236,6116,gt_present_candidate_tracking_loss,False
2249,14,2,later,2237,6156,gt_present_candidate_tracking_loss,False
2250,113,3,earlier,2238,0,gt_absent_candidate_expected_absence,False
2256,75,3,earlier,2244,13014,gt_present_candidate_tracking_loss,False
2257,75,3,earlier,2245,7212,gt_present_candidate_tracking_loss,False
2258,75,3,earlier,2246,3932,gt_present_candidate_tracking_loss,False
2259,75,3,earlier,2247,1938,gt_present_candidate_tracking_loss,False
2260,75,3,earlier,2248,0,gt_absent_candidate_expected_absence,False
2261,75,3,earlier,2249,0,gt_absent_candidate_expected_absence,False
2262,75,3,earlier,2250,0,gt_absent_candidate_expected_absence,False
2263,75,3,earlier,2251,0,gt_absent_candidate_expected_absence,False
2264,75,3,earlier,2252,0,gt_absent_candidate_expected_absence,False
2265,75,3,earlier,2253,0,gt_absent_candidate_expected_absence,False
2266,75,3,earlier,2254,0,gt_absent_candidate_expected_absence,False
2267,75,3,earlier,2255,0,gt_absent_candidate_expected_absence,False
2268,75,3,earlier,2256,0,gt_absent_candidate_expected_absence,False
2269,75,3,earlier,2257,0,gt_absent_candidate_expected_absence,False
2270,75,3,earlier,2258,0,gt_absent_candidate_expected_absence,False
2271,75,3,earlier,2259,0,gt_absent_candidate_expected_absence,False
2272,75,3,earlier,2260,0,gt_absent_candidate_expected_absence,False
2273,75,3,earlier,2261,0,gt_absent_candidate_expected_absence,False
2274,75,3,earlier,2262,0,gt_absent_candidate_expected_absence,False
2275,75,3,earlier,2263,0,gt_absent_candidate_expected_absence,False
2276,75,3,earlier,2264,0,gt_absent_candidate_expected_absence,False
2277,75,3,earlier,2265,0,gt_absent_candidate_expected_absence,False
2278,75,3,earlier,2266,0,gt_absent_candidate_expected_absence,False
2279,75,3,earlier,2267,0,gt_absent_candidate_expected_absence,False
2280,75,3,earlier,2268,0,gt_absent_candidate_expected_absence,False
2281,75,3,earlier,2269,0,gt_absent_candidate_expected_absence,False
2282,75,3,earlier,2270,0,gt_absent_candidate_expected_absence,False
2283,75,3,earlier,2271,0,gt_absent_candidate_expected_absence,False
2284,75,3,earlier,2272,0,gt_absent_candidate_expected_absence,False
2285,75,3,earlier,2273,0,gt_absent_candidate_expected_absence,False
2286,75,3,earlier,2274,0,gt_absent_candidate_expected_absence,False
2287,75,3,earlier,2275,0,gt_absent_candidate_expected_absence,False
2288,75,3,earlier,2276,0,gt_absent_candidate_expected_absence,False
2289,75,3,earlier,2277,0,gt_absent_candidate_expected_absence,False
2290,75,3,earlier,2278,0,gt_absent_candidate_expected_absence,False
2291,75,3,earlier,2279,0,gt_absent_candidate_expected_absence,False
2292,75,3,earlier,2280,0,gt_absent_candidate_expected_absence,False
2293,75,3,earlier,2281,0,gt_absent_candidate_expected_absence,False
2294,75,3,earlier,2282,0,gt_absent_candidate_expected_absence,False
2295,75,3,earlier,2283,0,gt_absent_candidate_expected_absence,False
2296,75,3,earlier,2284,0,gt_absent_candidate_expected_absence,False
2297,75,3,earlier,2285,0,gt_absent_candidate_expected_absence,False
2298,75,3,earlier,2286,0,gt_absent_candidate_expected_absence,False
2299,75,3,earlier,2287,0,gt_absent_candidate_expected_absence,False
2300,75,3,earlier,2288,0,gt_absent_candidate_expected_absence,False
2301,75,3,earlier,2289,0,gt_absent_candidate_expected_absence,False
2302,75,3,earlier,2290,0,gt_absent_candidate_expected_absence,False
2303,75,3,earlier,2291,0,gt_absent_candidate_expected_absence,False
2304,75,3,earlier,2292,0,gt_absent_candidate_expected_absence,False
2305,75,3,earlier,2293,0,gt_absent_candidate_expected_absence,False
2306,75,3,earlier,2294,0,gt_absent_candidate_expected_absence,False
2307,75,3,earlier,2295,0,gt_absent_candidate_expected_absence,False
2308,75,3,earlier,2296,0,gt_absent_candidate_expected_absence,False
2309,75,3,earlier,2297,0,gt_absent_candidate_expected_absence,False
2382,75,3,earlier,2370,12464,gt_present_candidate_tracking_loss,False
2383,75,3,earlier,2371,25648,gt_present_candidate_tracking_loss,False
2384,75,3,earlier,2372,19064,gt_present_candidate_tracking_loss,False
2385,75,3,earlier,2373,22124,gt_present_candidate_tracking_loss,False
2386,75,3,earlier,2374,39424,gt_present_candidate_tracking_loss,False
2387,75,3,earlier,2375,20884,gt_present_candidate_tracking_loss,False
2388,75,3,earlier,2376,25032,gt_present_candidate_tracking_loss,False
2389,75,3,earlier,2377,24392,gt_present_candidate_tracking_loss,False
2390,75,3,earlier,2378,13732,gt_present_candidate_tracking_loss,False
2391,75,3,earlier,2379,0,gt_absent_candidate_expected_absence,False
2392,75,3,earlier,2380,0,gt_absent_candidate_expected_absence,False
2393,75,3,earlier,2381,0,gt_absent_candidate_expected_absence,False
2394,75,3,earlier,2382,0,gt_absent_candidate_expected_absence,False
2395,75,3,earlier,2383,0,gt_absent_candidate_expected_absence,False
2396,75,3,earlier,2384,0,gt_absent_candidate_expected_absence,False
2397,75,3,earlier,2385,0,gt_absent_candidate_expected_absence,False
2398,75,3,earlier,2386,0,gt_absent_candidate_expected_absence,False
2399,75,3,earlier,2387,0,gt_absent_candidate_expected_absence,False
2400,75,3,earlier,2388,0,gt_absent_candidate_expected_absence,False
2401,75,3,earlier,2389,0,gt_absent_candidate_expected_absence,False
2402,75,3,earlier,2390,0,gt_absent_candidate_expected_absence,False
2403,75,3,earlier,2391,0,gt_absent_candidate_expected_absence,False
2404,75,3,earlier,2392,0,gt_absent_candidate_expected_absence,False
2405,75,3,earlier,2393,0,gt_absent_candidate_expected_absence,False
2406,75,3,earlier,2394,0,gt_absent_candidate_expected_absence,False
2407,75,3,earlier,2395,0,gt_absent_candidate_expected_absence,False
2408,75,3,earlier,2396,0,gt_absent_candidate_expected_absence,False
2409,75,3,earlier,2397,0,gt_absent_candidate_expected_absence,False
2410,75,3,earlier,2398,0,gt_absent_candidate_expected_absence,False
2411,75,3,earlier,2399,0,gt_absent_candidate_expected_absence,False
2412,75,3,earlier,2400,0,gt_absent_candidate_expected_absence,False
2413,75,3,earlier,2401,0,gt_absent_candidate_expected_absence,False
2414,75,3,earlier,2402,0,gt_absent_candidate_expected_absence,False
2415,75,3,earlier,2403,0,gt_absent_candidate_expected_absence,False
2416,75,3,earlier,2404,0,gt_absent_candidate_expected_absence,False
2417,75,3,earlier,2405,0,gt_absent_candidate_expected_absence,False
2418,75,3,earlier,2406,0,gt_absent_candidate_expected_absence,False
2419,75,3,earlier,2407,0,gt_absent_candidate_expected_absence,False
2420,75,3,earlier,2408,0,gt_absent_candidate_expected_absence,False
2421,75,3,earlier,2409,0,gt_absent_candidate_expected_absence,False
2422,75,3,earlier,2410,0,gt_absent_candidate_expected_absence,False
2423,75,3,earlier,2411,0,gt_absent_candidate_expected_absence,False
2424,75,3,earlier,2412,0,gt_absent_candidate_expected_absence,False
2425,75,3,earlier,2413,0,gt_absent_candidate_expected_absence,False
2426,75,3,earlier,2414,0,gt_absent_candidate_expected_absence,False
2427,75,3,earlier,2415,0,gt_absent_candidate_expected_absence,False
2428,75,3,earlier,2416,0,gt_absent_candidate_expected_absence,False
2429,75,3,earlier,2417,0,gt_absent_candidate_expected_absence,False
2944,38,3,later,2932,0,gt_absent_candidate_expected_absence,False
2945,38,3,later,2933,0,gt_absent_candidate_expected_absence,False
2946,38,3,later,2934,0,gt_absent_candidate_expected_absence,False
2947,38,3,later,2935,0,gt_absent_candidate_expected_absence,False
2948,38,3,later,2936,0,gt_absent_candidate_expected_absence,False
2949,38,3,later,2937,0,gt_absent_candidate_expected_absence,False
2950,38,3,later,2938,0,gt_absent_candidate_expected_absence,False
2951,38,3,later,2939,0,gt_absent_candidate_expected_absence,False
2952,38,3,later,2940,0,gt_absent_candidate_expected_absence,False
2953,38,3,later,2941,0,gt_absent_candidate_expected_absence,False
2954,38,3,later,2942,0,gt_absent_candidate_expected_absence,False
2955,38,3,later,2943,0,gt_absent_candidate_expected_absence,False
2956,38,3,later,2944,0,gt_absent_candidate_expected_absence,False
2957,38,3,later,2945,0,gt_absent_candidate_expected_absence,False
2958,38,3,later,2946,0,gt_absent_candidate_expected_absence,False
2959,38,3,later,2947,0,gt_absent_candidate_expected_absence,False
2960,38,3,later,2948,0,gt_absent_candidate_expected_absence,False
2961,38,3,later,2949,0,gt_absent_candidate_expected_absence,False
2962,38,3,later,2950,0,gt_absent_candidate_expected_absence,False
2963,38,3,later,2951,0,gt_absent_candidate_expected_absence,False
2964,38,3,later,2952,0,gt_absent_candidate_expected_absence,False
2965,38,3,later,2953,0,gt_absent_candidate_expected_absence,False
2966,38,3,later,2954,0,gt_absent_candidate_expected_absence,False
2967,38,3,later,2955,0,gt_absent_candidate_expected_absence,False
2968,38,3,later,2956,0,gt_absent_candidate_expected_absence,False
2969,38,3,later,2957,0,gt_absent_candidate_expected_absence,False
2970,38,3,later,2958,0,gt_absent_candidate_expected_absence,False
2971,38,3,later,2959,0,gt_absent_candidate_expected_absence,False
2972,38,3,later,2960,0,gt_absent_candidate_expected_absence,False
2973,38,3,later,2961,0,gt_absent_candidate_expected_absence,False
2974,38,3,later,2962,0,gt_absent_candidate_expected_absence,False
2975,38,3,later,2963,0,gt_absent_candidate_expected_absence,False
2976,38,3,later,2964,0,gt_absent_candidate_expected_absence,False
2977,38,3,later,2965,0,gt_absent_candidate_expected_absence,False
2978,38,3,later,2966,0,gt_absent_candidate_expected_absence,False
2979,38,3,later,2967,0,gt_absent_candidate_expected_absence,False
3010,38,4,earlier,2998,20016,gt_present_candidate_tracking_loss,False
3011,38,4,earlier,2999,20000,gt_present_candidate_tracking_loss,False
3012,38,4,earlier,3000,19344,gt_present_candidate_tracking_loss,False
3013,38,4,earlier,3001,18276,gt_present_candidate_tracking_loss,False
3014,38,4,earlier,3002,18384,gt_present_candidate_tracking_loss,False
3015,38,4,earlier,3003,18928,gt_present_candidate_tracking_loss,False
3016,38,4,earlier,3004,19560,gt_present_candidate_tracking_loss,False
3017,38,4,earlier,3005,18708,gt_present_candidate_tracking_loss,False
3018,38,4,earlier,3006,18416,gt_present_candidate_tracking_loss,False
3019,38,4,earlier,3007,17892,gt_present_candidate_tracking_loss,False
3020,38,4,earlier,3008,19104,gt_present_candidate_tracking_loss,False
3021,38,4,earlier,3009,19100,gt_present_candidate_tracking_loss,False
3022,38,4,earlier,3010,19196,gt_present_candidate_tracking_loss,False
3023,38,4,earlier,3011,19996,gt_present_candidate_tracking_loss,False
3024,38,4,earlier,3012,19952,gt_present_candidate_tracking_loss,False
3025,38,4,earlier,3013,19976,gt_present_candidate_tracking_loss,False
3026,38,4,earlier,3014,18396,gt_present_candidate_tracking_loss,False
3027,38,4,earlier,3015,17576,gt_present_candidate_tracking_loss,False
3028,38,4,earlier,3016,17520,gt_present_candidate_tracking_loss,False
3029,38,4,earlier,3017,18116,gt_present_candidate_tracking_loss,False
3030,38,4,earlier,3018,18200,gt_present_candidate_tracking_loss,False
3031,38,4,earlier,3019,18300,gt_present_candidate_tracking_loss,False
3032,38,4,earlier,3020,18816,gt_present_candidate_tracking_loss,False
3033,38,4,earlier,3021,18464,gt_present_candidate_tracking_loss,False
3034,38,4,earlier,3022,16436,gt_present_candidate_tracking_loss,False
3035,38,4,earlier,3023,15572,gt_present_candidate_tracking_loss,False
3036,38,4,earlier,3024,16208,gt_present_candidate_tracking_loss,False
3037,38,4,earlier,3025,16080,gt_present_candidate_tracking_loss,False
3038,38,4,earlier,3026,15628,gt_present_candidate_tracking_loss,False
3039,38,4,earlier,3027,15564,gt_present_candidate_tracking_loss,False
3040,38,4,earlier,3028,15692,gt_present_candidate_tracking_loss,False
3041,38,4,earlier,3029,14644,gt_present_candidate_tracking_loss,False
3042,38,4,earlier,3030,14576,gt_present_candidate_tracking_loss,False
3043,38,4,earlier,3031,15600,gt_present_candidate_tracking_loss,False
3044,38,4,earlier,3032,15152,gt_present_candidate_tracking_loss,False
3045,38,4,earlier,3033,15540,gt_present_candidate_tracking_loss,False
3046,38,4,earlier,3034,15452,gt_present_candidate_tracking_loss,False
3047,38,4,earlier,3035,15072,gt_present_candidate_tracking_loss,False
3048,38,4,earlier,3036,14500,gt_present_candidate_tracking_loss,False
3049,38,4,earlier,3037,14432,gt_present_candidate_tracking_loss,False
3050,38,4,earlier,3038,13404,gt_present_candidate_tracking_loss,False
3051,38,4,earlier,3039,13292,gt_present_candidate_tracking_loss,False
3052,38,4,earlier,3040,14444,gt_present_candidate_tracking_loss,False
3053,38,4,earlier,3041,14008,gt_present_candidate_tracking_loss,False
3054,38,4,earlier,3042,13656,gt_present_candidate_tracking_loss,False
3055,38,4,earlier,3043,13396,gt_present_candidate_tracking_loss,False
3056,38,4,earlier,3044,12968,gt_present_candidate_tracking_loss,False
3057,38,4,earlier,3045,12308,gt_present_candidate_tracking_loss,False
3058,38,4,earlier,3046,12280,gt_present_candidate_tracking_loss,False
3059,38,4,earlier,3047,12604,gt_present_candidate_tracking_loss,False
3060,38,4,earlier,3048,11372,gt_present_candidate_tracking_loss,False
3061,38,4,earlier,3049,11184,gt_present_candidate_tracking_loss,False
3062,38,4,earlier,3050,10496,gt_present_candidate_tracking_loss,False
3063,38,4,earlier,3051,10556,gt_present_candidate_tracking_loss,False
3064,38,4,earlier,3052,11040,gt_present_candidate_tracking_loss,False
3065,38,4,earlier,3053,10524,gt_present_candidate_tracking_loss,False
3066,38,4,earlier,3054,9560,gt_present_candidate_tracking_loss,False
3067,38,4,earlier,3055,9864,gt_present_candidate_tracking_loss,False
3068,38,4,earlier,3056,10740,gt_present_candidate_tracking_loss,False
3069,38,4,earlier,3057,10416,gt_present_candidate_tracking_loss,False
3070,38,4,earlier,3058,10144,gt_present_candidate_tracking_loss,False
3071,38,4,earlier,3059,10196,gt_present_candidate_tracking_loss,False
3072,38,4,earlier,3060,10316,gt_present_candidate_tracking_loss,False
3073,38,4,earlier,3061,10348,gt_present_candidate_tracking_loss,False
3074,38,4,earlier,3062,10652,gt_present_candidate_tracking_loss,False
3075,38,4,earlier,3063,9792,gt_present_candidate_tracking_loss,False
3076,38,4,earlier,3064,9400,gt_present_candidate_tracking_loss,False
3248,38,4,earlier,3236,7200,gt_present_candidate_tracking_loss,False
3249,38,4,earlier,3237,7168,gt_present_candidate_tracking_loss,False
3250,38,4,earlier,3238,6900,gt_present_candidate_tracking_loss,False
3251,38,4,earlier,3239,6592,gt_present_candidate_tracking_loss,False
3252,38,4,earlier,3240,6376,gt_present_candidate_tracking_loss,False
3253,38,4,earlier,3241,6128,gt_present_candidate_tracking_loss,False
3254,38,4,earlier,3242,5636,gt_present_candidate_tracking_loss,False
3255,38,4,earlier,3243,5376,gt_present_candidate_tracking_loss,False
3256,38,4,earlier,3244,5140,gt_present_candidate_tracking_loss,False
3257,38,4,earlier,3245,4868,gt_present_candidate_tracking_loss,False
3258,38,4,earlier,3246,4492,gt_present_candidate_tracking_loss,False
3259,38,4,earlier,3247,4700,gt_present_candidate_tracking_loss,False
3260,38,4,earlier,3248,4532,gt_present_candidate_tracking_loss,False
3261,38,4,earlier,3249,4516,gt_present_candidate_tracking_loss,False
3262,38,4,earlier,3250,4848,gt_present_candidate_tracking_loss,False
3263,38,4,earlier,3251,4880,gt_present_candidate_tracking_loss,False
3264,38,4,earlier,3252,5104,gt_present_candidate_tracking_loss,False
3265,38,4,earlier,3253,5200,gt_present_candidate_tracking_loss,False
3266,38,4,earlier,3254,5820,gt_present_candidate_tracking_loss,False
3267,38,4,earlier,3255,5972,gt_present_candidate_tracking_loss,False
3268,38,4,earlier,3256,6488,gt_present_candidate_tracking_loss,False
3269,38,4,earlier,3257,6572,gt_present_candidate_tracking_loss,False
3270,38,4,earlier,3258,7052,gt_present_candidate_tracking_loss,False
3271,38,4,earlier,3259,7212,gt_present_candidate_tracking_loss,False
3272,38,4,earlier,3260,7376,gt_present_candidate_tracking_loss,False
3273,38,4,earlier,3261,7816,gt_present_candidate_tracking_loss,False
3274,38,4,earlier,3262,8432,gt_present_candidate_tracking_loss,False
3275,38,4,earlier,3263,9564,gt_present_candidate_tracking_loss,False
3276,38,4,earlier,3264,10268,gt_present_candidate_tracking_loss,False
3277,38,4,earlier,3265,12432,gt_present_candidate_tracking_loss,False
3278,38,4,earlier,3266,15112,gt_present_candidate_tracking_loss,False
3279,38,4,earlier,3267,16644,gt_present_candidate_tracking_loss,False
3280,38,4,earlier,3268,19908,gt_present_candidate_tracking_loss,False
3281,38,4,earlier,3269,22924,gt_present_candidate_tracking_loss,False
3282,38,4,earlier,3270,28152,gt_present_candidate_tracking_loss,False
3283,38,4,earlier,3271,34248,gt_present_candidate_tracking_loss,False
3284,38,4,earlier,3272,40484,gt_present_candidate_tracking_loss,False
3285,38,4,earlier,3273,44768,gt_present_candidate_tracking_loss,False
3286,38,4,earlier,3274,34508,gt_present_candidate_tracking_loss,False
3287,38,4,earlier,3275,18588,gt_present_candidate_tracking_loss,False
3288,38,4,earlier,3276,0,gt_absent_candidate_expected_absence,False
3288,75,4,earlier,3276,0,gt_absent_candidate_expected_absence,False
3289,38,4,earlier,3277,0,gt_absent_candidate_expected_absence,False
3289,75,4,earlier,3277,0,gt_absent_candidate_expected_absence,False
3290,38,4,earlier,3278,0,gt_absent_candidate_expected_absence,False
3290,75,4,earlier,3278,0,gt_absent_candidate_expected_absence,False
3291,38,4,earlier,3279,0,gt_absent_candidate_expected_absence,False
3291,75,4,earlier,3279,0,gt_absent_candidate_expected_absence,False
3292,38,4,earlier,3280,0,gt_absent_candidate_expected_absence,False
3292,75,4,earlier,3280,0,gt_absent_candidate_expected_absence,False
3293,38,4,earlier,3281,0,gt_absent_candidate_expected_absence,False
3293,75,4,earlier,3281,0,gt_absent_candidate_expected_absence,False
3294,38,4,earlier,3282,0,gt_absent_candidate_expected_absence,False
3294,75,4,earlier,3282,0,gt_absent_candidate_expected_absence,False
3295,38,4,earlier,3283,0,gt_absent_candidate_expected_absence,False
3295,75,4,earlier,3283,0,gt_absent_candidate_expected_absence,False
3296,38,4,earlier,3284,0,gt_absent_candidate_expected_absence,False
3296,75,4,earlier,3284,0,gt_absent_candidate_expected_absence,False
3297,75,4,earlier,3285,0,gt_absent_candidate_expected_absence,False
3298,75,4,earlier,3286,0,gt_absent_candidate_expected_absence,False
3299,75,4,earlier,3287,0,gt_absent_candidate_expected_absence,False
3300,75,4,earlier,3288,0,gt_absent_candidate_expected_absence,False
3301,75,4,earlier,3289,0,gt_absent_candidate_expected_absence,False
3302,75,4,earlier,3290,0,gt_absent_candidate_expected_absence,False
3303,75,4,earlier,3291,0,gt_absent_candidate_expected_absence,False
3304,75,4,earlier,3292,0,gt_absent_candidate_expected_absence,False
3305,75,4,earlier,3293,0,gt_absent_candidate_expected_absence,False
3306,75,4,earlier,3294,0,gt_absent_candidate_expected_absence,False
3307,75,4,earlier,3295,0,gt_absent_candidate_expected_absence,False
3308,75,4,earlier,3296,0,gt_absent_candidate_expected_absence,False
3338,38,4,later,3326,0,gt_absent_candidate_expected_absence,False
3339,38,4,later,3327,0,gt_absent_candidate_expected_absence,False
3340,38,4,later,3328,0,gt_absent_candidate_expected_absence,False
3341,38,4,later,3329,0,gt_absent_candidate_expected_absence,False
3342,38,4,later,3330,0,gt_absent_candidate_expected_absence,False
3343,38,4,later,3331,0,gt_absent_candidate_expected_absence,False
3344,38,4,later,3332,0,gt_absent_candidate_expected_absence,False
3345,38,4,later,3333,0,gt_absent_candidate_expected_absence,False
3346,38,4,later,3334,0,gt_absent_candidate_expected_absence,False
3347,38,4,later,3335,0,gt_absent_candidate_expected_absence,False
3348,38,4,later,3336,0,gt_absent_candidate_expected_absence,False
3349,38,4,later,3337,0,gt_absent_candidate_expected_absence,False
3350,38,4,later,3338,0,gt_absent_candidate_expected_absence,False
3351,38,4,later,3339,0,gt_absent_candidate_expected_absence,False
3352,38,4,later,3340,0,gt_absent_candidate_expected_absence,False
3353,38,4,later,3341,0,gt_absent_candidate_expected_absence,False
3354,38,4,later,3342,0,gt_absent_candidate_expected_absence,False
3355,38,4,later,3343,0,gt_absent_candidate_expected_absence,False
3356,38,4,later,3344,0,gt_absent_candidate_expected_absence,False
3357,38,4,later,3345,0,gt_absent_candidate_expected_absence,False
3358,38,4,later,3346,0,gt_absent_candidate_expected_absence,False
3359,38,4,later,3347,0,gt_absent_candidate_expected_absence,False
3360,38,4,later,3348,0,gt_absent_candidate_expected_absence,False
3361,38,4,later,3349,0,gt_absent_candidate_expected_absence,False
3362,38,4,later,3350,0,gt_absent_candidate_expected_absence,False
3363,38,4,later,3351,0,gt_absent_candidate_expected_absence,False
3364,38,4,later,3352,0,gt_absent_candidate_expected_absence,False
3365,38,4,later,3353,0,gt_absent_candidate_expected_absence,False
3366,38,4,later,3354,0,gt_absent_candidate_expected_absence,False
3367,38,4,later,3355,0,gt_absent_candidate_expected_absence,False
3368,38,4,later,3356,0,gt_absent_candidate_expected_absence,False
3369,38,4,later,3357,0,gt_absent_candidate_expected_absence,False
3370,38,4,later,3358,0,gt_absent_candidate_expected_absence,False
3371,38,4,later,3359,0,gt_absent_candidate_expected_absence,False
3372,38,4,later,3360,0,gt_absent_candidate_expected_absence,False
3373,38,4,later,3361,0,gt_absent_candidate_expected_absence,False
3374,38,4,later,3362,0,gt_absent_candidate_expected_absence,False
3375,38,4,later,3363,0,gt_absent_candidate_expected_absence,False
3376,38,4,later,3364,0,gt_absent_candidate_expected_absence,False
3377,38,4,later,3365,0,gt_absent_candidate_expected_absence,False
3378,38,4,later,3366,0,gt_absent_candidate_expected_absence,False
3379,38,4,later,3367,0,gt_absent_candidate_expected_absence,False
3380,38,4,later,3368,0,gt_absent_candidate_expected_absence,False
3381,38,4,later,3369,0,gt_absent_candidate_expected_absence,False
3382,38,4,later,3370,0,gt_absent_candidate_expected_absence,False
3383,38,4,later,3371,0,gt_absent_candidate_expected_absence,False
3384,38,4,later,3372,0,gt_absent_candidate_expected_absence,False
3385,38,4,later,3373,0,gt_absent_candidate_expected_absence,False
3386,38,4,later,3374,0,gt_absent_candidate_expected_absence,False
3387,38,4,later,3375,0,gt_absent_candidate_expected_absence,False
3388,38,4,later,3376,0,gt_absent_candidate_expected_absence,False
3389,38,4,later,3377,0,gt_absent_candidate_expected_absence,False
3390,38,4,later,3378,0,gt_absent_candidate_expected_absence,False
3391,38,4,later,3379,0,gt_absent_candidate_expected_absence,False
3392,38,4,later,3380,0,gt_absent_candidate_expected_absence,False
3393,38,4,later,3381,0,gt_absent_candidate_expected_absence,False
3394,38,4,later,3382,0,gt_absent_candidate_expected_absence,False
3395,38,4,later,3383,0,gt_absent_candidate_expected_absence,False
3396,38,4,later,3384,0,gt_absent_candidate_expected_absence,False
3397,38,4,later,3385,0,gt_absent_candidate_expected_absence,False
3398,38,4,later,3386,0,gt_absent_candidate_expected_absence,False
3399,38,4,later,3387,0,gt_absent_candidate_expected_absence,False
3400,38,4,later,3388,0,gt_absent_candidate_expected_absence,False
3401,38,4,later,3389,0,gt_absent_candidate_expected_absence,False
3402,38,4,later,3390,0,gt_absent_candidate_expected_absence,False
3403,38,4,later,3391,0,gt_absent_candidate_expected_absence,False
3404,38,4,later,3392,0,gt_absent_candidate_expected_absence,False
3405,38,4,later,3393,0,gt_absent_candidate_expected_absence,False
3406,38,4,later,3394,0,gt_absent_candidate_expected_absence,False
3407,38,4,later,3395,0,gt_absent_candidate_expected_absence,False
3408,38,4,later,3396,0,gt_absent_candidate_expected_absence,False
3409,38,4,later,3397,0,gt_absent_candidate_expected_absence,False
3410,38,4,later,3398,0,gt_absent_candidate_expected_absence,False
3411,38,4,later,3399,0,gt_absent_candidate_expected_absence,False
3412,38,4,later,3400,50844,gt_present_candidate_tracking_loss,False
3413,38,4,later,3401,44100,gt_present_candidate_tracking_loss,False
3414,14,4,later,3402,174,gt_present_candidate_tracking_loss,False
3650,38,4,later,3638,0,gt_absent_candidate_expected_absence,False
3651,38,4,later,3639,0,gt_absent_candidate_expected_absence,False
3652,38,4,later,3640,0,gt_absent_candidate_expected_absence,False
3653,38,4,later,3641,0,gt_absent_candidate_expected_absence,False
3654,38,4,later,3642,0,gt_absent_candidate_expected_absence,False
3655,38,4,later,3643,0,gt_absent_candidate_expected_absence,False
3656,38,4,later,3644,0,gt_absent_candidate_expected_absence,False
3657,38,4,later,3645,0,gt_absent_candidate_expected_absence,False
3658,38,4,later,3646,0,gt_absent_candidate_expected_absence,False
3659,38,4,later,3647,0,gt_absent_candidate_expected_absence,False
3660,38,4,later,3648,0,gt_absent_candidate_expected_absence,False
3661,38,4,later,3649,0,gt_absent_candidate_expected_absence,False
3662,38,4,later,3650,0,gt_absent_candidate_expected_absence,False
3663,38,4,later,3651,0,gt_absent_candidate_expected_absence,False
3664,38,4,later,3652,0,gt_absent_candidate_expected_absence,False
3665,38,4,later,3653,0,gt_absent_candidate_expected_absence,False
3666,38,4,later,3654,0,gt_absent_candidate_expected_absence,False
3667,38,4,later,3655,0,gt_absent_candidate_expected_absence,False
3668,38,4,later,3656,0,gt_absent_candidate_expected_absence,False
3669,38,4,later,3657,0,gt_absent_candidate_expected_absence,False
3670,38,4,later,3658,0,gt_absent_candidate_expected_absence,False
3671,38,4,later,3659,0,gt_absent_candidate_expected_absence,False
3672,38,4,later,3660,0,gt_absent_candidate_expected_absence,False
3673,38,4,later,3661,0,gt_absent_candidate_expected_absence,False
3674,38,4,later,3662,0,gt_absent_candidate_expected_absence,False
3675,38,4,later,3663,0,gt_absent_candidate_expected_absence,False
3676,38,4,later,3664,0,gt_absent_candidate_expected_absence,False
3677,38,4,later,3665,0,gt_absent_candidate_expected_absence,False
3678,38,4,later,3666,0,gt_absent_candidate_expected_absence,False
3679,38,4,later,3667,0,gt_absent_candidate_expected_absence,False
3680,38,4,later,3668,0,gt_absent_candidate_expected_absence,False
3681,38,4,later,3669,0,gt_absent_candidate_expected_absence,False
3682,38,4,later,3670,0,gt_absent_candidate_expected_absence,False
3683,38,4,later,3671,0,gt_absent_candidate_expected_absence,False
3684,38,4,later,3672,0,gt_absent_candidate_expected_absence,False
3685,38,4,later,3673,0,gt_absent_candidate_expected_absence,False
3686,38,4,later,3674,0,gt_absent_candidate_expected_absence,False
3687,38,4,later,3675,0,gt_absent_candidate_expected_absence,False
3688,38,4,later,3676,0,gt_absent_candidate_expected_absence,False
3689,38,4,later,3677,0,gt_absent_candidate_expected_absence,False
3690,38,4,later,3678,0,gt_absent_candidate_expected_absence,False
3691,38,4,later,3679,0,gt_absent_candidate_expected_absence,False
3692,38,4,later,3680,0,gt_absent_candidate_expected_absence,False
3693,38,4,later,3681,0,gt_absent_candidate_expected_absence,False
3694,38,4,later,3682,0,gt_absent_candidate_expected_absence,False
3695,38,4,later,3683,0,gt_absent_candidate_expected_absence,False
3696,38,4,later,3684,0,gt_absent_candidate_expected_absence,False
3697,38,4,later,3685,0,gt_absent_candidate_expected_absence,False
3698,38,4,later,3686,0,gt_absent_candidate_expected_absence,False
3699,38,4,later,3687,0,gt_absent_candidate_expected_absence,False
3700,38,4,later,3688,0,gt_absent_candidate_expected_absence,False
3701,38,4,later,3689,0,gt_absent_candidate_expected_absence,False
3702,38,4,later,3690,0,gt_absent_candidate_expected_absence,False
3703,38,4,later,3691,0,gt_absent_candidate_expected_absence,False
3704,38,4,later,3692,0,gt_absent_candidate_expected_absence,False
3705,38,4,later,3693,0,gt_absent_candidate_expected_absence,False
